perc_ratio,percussive_loudness,beat_align,mean_ioi_sec,note_shortness,dissonance,spectral_centroid_mean,track_id,perc_ratio_norm,percussive_loudness_norm,note_shortness_norm,dissonance_norm,spectral_centroid_mean_norm,combat_score,chill_score
0.023706509,0.009123913012444973,1.9511125087738037,2.2600755857898718,0.0,0.3366073668003082,1200.266864416282,From Past to Present,0.07241394,0.11621063960386237,0.0,0.49316193471111663,0.6684073664831655,0.25843260651664907,0.7415673934833509
0.058811944,0.012403071857988834,1.1975611448287964,28.28190476190476,0.0,0.46662652492523193,992.9395244263777,Jeremy Soule - The Elder Scrolls V Skyrim - The Original Game Soundtrack - 01 - Before the Storm,0.29882225,0.19863902880328935,0.0,0.999393384088064,0.38730361453688433,0.3666761698646202,0.6333238301353799
0.19836937,0.04410461708903313,2.79974102973938,0.5827671394178923,0.6114885737214051,0.4602195918560028,1450.9647797812404,Jeremy Soule - The Elder Scrolls V Skyrim - The Original Game Soundtrack - 01 - Dragonborn,1.0,0.9955224466586886,0.6757607200287332,0.9744478986652106,1.0,0.9626238803882559,0.03737611961174414
0.029717166,0.01730801910161972,1.274506688117981,0.3030815133070772,0.7979456577952818,0.33894503116607666,812.2564901508925,Jeremy Soule - The Elder Scrolls V Skyrim - The Original Game Soundtrack - 01 - Frostfall,0.11117896,0.32193494688608887,0.8818158759270786,0.5022636643108636,0.1423254131556742,0.3058236466499874,0.6941763533500126
0.032765154,0.006038172636181116,4.62227725982666,0.7191861439776948,0.5205425706815368,0.39507797360420227,909.2250598333226,Jeremy Soule - The Elder Scrolls V Skyrim - The Original Game Soundtrack - 02 - A Chance Meeting,0.13083659,0.038644220688624324,0.5752555934587689,0.7208180775069747,0.27379977037225167,0.2693202575558899,0.73067974244411
0.021418406,0.011525418609380722,1.2834763526916504,0.16845849450891465,0.8876943369940569,0.3865366578102112,1113.3059068477996,Jeremy Soule - The Elder Scrolls V Skyrim - The Original Game Soundtrack - 02 - Awake,0.0576571,0.1765774127102719,0.9809978307228906,0.6875623424573454,0.5505017808207434,0.37277597386068484,0.6272240261393152
0.023706509,0.009123913012444973,1.9511125087738037,2.2600755857898718,0.0,0.3366073668003082,1200.266864416282,Jeremy Soule - The Elder Scrolls V Skyrim - The Original Game Soundtrack - 03 - From Past to Present,0.07241394,0.11621063960386237,0.0,0.49316193471111663,0.6684073664831655,0.25843260651664907,0.7415673934833509
0.022335852,0.006318071391433477,7.823436737060547,0.33234120417793883,0.7784391972147074,0.35882946848869324,726.9335744243263,Jeremy Soule - The Elder Scrolls V Skyrim - The Original Game Soundtrack - 03 - Out of the Cold,0.06357405,0.04568005049166343,0.8602591364987034,0.5796840050594294,0.02664075845021156,0.20879889472587615,0.7912011052741239
0.08042309,0.01348971389234066,7.746641159057617,0.4051624086671706,0.7298917275552196,0.46538639068603516,1201.211455144341,Jeremy Soule - The Elder Scrolls V Skyrim - The Original Game Soundtrack - 04 - Around the Fire,0.4382007,0.22595400704831362,0.8066089548558733,0.994564903713446,0.6696880851656315,0.5517319694594672,0.44826803054053277
0.026256489,0.00779500650241971,1.336824893951416,0.22866972918088296,0.8475535138794114,0.3078049421310425,805.1632589106674,Jeremy Soule - The Elder Scrolls V Skyrim - The Original Game Soundtrack - 04 - Kyne's Peace,0.08885974,0.08280584643049384,0.9366378987532422,0.38101928284220155,0.13270809054329252,0.22471768421134444,0.7752823157886556
0.06533734,0.013786975294351578,2.503777265548706,0.9640194654640882,0.35732035635727455,0.4017479419708252,1023.7631495636689,Jeremy Soule - The Elder Scrolls V Skyrim - The Original Game Soundtrack - 04 - Unbroken Road,0.34090698,0.23342628262051432,0.394877470601644,0.7467876946174754,0.4290956747403296,0.39795370760261184,0.6020462923973882
0.02421465,0.008080481551587582,4.166650772094727,0.6590044271676925,0.5606637152215384,0.3539820611476898,1211.9416435745886,Jeremy Soule - The Elder Scrolls V Skyrim - The Original Game Soundtrack - 05 - Ancient Stones,0.07569114,0.08998184782838652,0.6195937784844153,0.560810555335975,0.6842365582564455,0.328131077858725,0.671868922141275
0.044000722,0.01293373666703701,1.3661525249481201,0.29411942554799697,0.8039203829680021,0.36352306604385376,1015.0071599935169,Jeremy Soule - The Elder Scrolls V Skyrim - The Original Game Soundtrack - 06 - Far Horizons,0.20329903,0.21197837815323153,0.8884185906108867,0.5979585941846572,0.4172239094425542,0.37596473604925507,0.6240352639507449
0.02149883,0.011853056959807873,2.4983103275299072,1.1285891326227462,0.2476072449181692,0.3211419880390167,1191.8548099018535,Jeremy Soule - The Elder Scrolls V Skyrim - The Original Game Soundtrack - 06 - The City Gates,0.05817578,0.184813275240191,0.2736326683783066,0.4329472615937148,0.6570019238353331,0.2873617951078463,0.7126382048921537
0.1659091,0.014920281246304512,10.58178997039795,0.3148595792146416,0.7900936138569056,0.4697423577308655,918.3540492838121,Jeremy Soule - The Elder Scrolls V Skyrim - The Original Game Soundtrack - 07 - A Winter's Tale,0.98953253,0.26191425422840087,0.8731385218545364,1.0,0.2861772657191537,0.6568876398996445,0.3431123601003555
0.03598065,0.008523182943463326,1.2928273677825928,0.202402591150008,0.8650649392333281,0.34714916348457336,992.8191661382259,Jeremy Soule - The Elder Scrolls V Skyrim - The Original Game Soundtrack - 07 - Aurora,0.15157454,0.10111005611212083,0.9559899094275799,0.5342065706822647,0.387140427345176,0.3239079371895668,0.6760920628104332
0.03947763,0.008930576033890247,0.9281215667724609,0.16157498877167611,0.8922833408188826,0.35305219888687134,550.1810490831278,Jeremy Soule - The Elder Scrolls V Skyrim - The Original Game Soundtrack - 07 - Silent Footsteps,0.1741279,0.11135071775634141,0.9860691741005867,0.5571901233411548,0.0,0.26226149029881884,0.7377385097011812
0.08454967,0.03406616672873497,1.2255126237869263,1.5233948817622287,0.0,0.40515825152397156,523.5051639565227,Jeremy Soule - The Elder Scrolls V Skyrim - The Original Game Soundtrack - 08 - Dragonsreach,0.46481463,0.7431853894337135,0.0,0.7600657835761394,0.0,0.4392506107946219,0.5607493892053781
0.034971535,0.006355224177241325,7.425384521484375,0.30776624099932365,0.7948225060004509,0.3935479521751404,803.686520485305,Jeremy Soule - The Elder Scrolls V Skyrim - The Original Game Soundtrack - 08 - The Bannered Mare,0.14506638,0.046613962031988435,0.8783644568878153,0.7148609172178149,0.13070586202855425,0.27638016033539975,0.7236198396646003
0.016852308,0.01593736745417118,2.2247414588928223,1.9015620237165904,0.0,0.3146507441997528,978.6206453421254,Jeremy Soule - The Elder Scrolls V Skyrim - The Original Game Soundtrack - 09 - The Streets of Whiterun,0.028208598,0.2874808039871389,0.0,0.4076735109834205,0.36788943291257725,0.2150616941477012,0.7849383058522987
0.12955822,0.04766692966222763,5.433094501495361,0.6553187200806249,0.5631208532795835,0.45437920093536377,1501.8457095098627,Jeremy Soule - The Elder Scrolls V Skyrim - The Original Game Soundtrack - 10 - One They Fear,0.75509185,1.0,0.622309180627107,0.9517082531904849,1.0,0.8815147128182839,0.11848528718171614
0.027282555,0.0035148162860423326,1.215944766998291,0.14266563196325896,0.9048895786911607,0.29703056812286377,1182.0700141473992,Jeremy Soule - The Elder Scrolls V Skyrim - The Original Game Soundtrack - 10 - Under an Ancient Sun,0.09547722,0.0,1.0,0.3390691037382187,0.6437352567438676,0.3082505854185128,0.6917494145814872
0.01111182,0.008065273053944111,1.4704583883285522,0.8823582766439909,0.41176114890400606,0.3093084394931793,1055.5856090900115,Jeremy Soule - The Elder Scrolls V Skyrim - The Original Game Soundtrack - 11 - Solitude,0.0,0.0895995510193746,0.45504040863730266,0.38687317129791404,0.47224199962661423,0.22038330423858388,0.7796166957614161
0.033659823,0.008799943141639233,1.3301101922988892,0.3309607351712615,0.7793595098858257,0.320732444524765,987.2632248068849,Jeremy Soule - The Elder Scrolls V Skyrim - The Original Game Soundtrack - 11 - The White River,0.13660665,0.10806699184006072,0.861276181101028,0.431352698070981,0.3796074316779889,0.2947507539208387,0.7052492460791613
0.024248596,0.007187824696302414,1.353127121925354,0.8499755457738651,0.4333496361507566,0.33794403076171875,932.5915302884416,Jeremy Soule - The Elder Scrolls V Skyrim - The Original Game Soundtrack - 12 - Masser,0.07591008,0.06754308528140815,0.4788980117277602,0.4983662549380223,0.30548108415843994,0.22339975126027306,0.776600248739727
0.29995516,0.06749696284532547,3.4904017448425293,0.7638616048569966,0.49075893009533555,0.5756734013557434,1444.5093773568826,Jeremy Soule - The Elder Scrolls V Skyrim - The Original Game Soundtrack - 12 - Watch the Skies,1.0,1.0,0.5423414634610135,1.0,0.9995623737086196,0.9541466330087542,0.04585336699124576
0.015197604,0.006569046527147293,1.4760445356369019,0.3605085216882452,0.7596609855411699,0.3105137050151825,1128.9293629889378,Jeremy Soule - The Elder Scrolls V Skyrim - The Original Game Soundtrack - 13 - Distant Horizons,0.017536784,0.05198882574178899,0.8395071905316099,0.3915658898240677,0.5716847668169751,0.2752807974960195,0.7247192025039805
0.030971628,0.009374408051371574,1.3434796333312988,0.22705904519468062,0.8486273032035463,0.3090101480484009,1159.6476000967455,Jeremy Soule - The Elder Scrolls V Skyrim - The Original Game Soundtrack - 13 - Standing Stones,0.11926946,0.12250734663567527,0.9378245515837613,0.3857117692968194,0.6133339371801346,0.3407136842698655,0.6592863157301345
0.021236822,0.005833308678120375,1.1850472688674927,0.3913901971044829,0.7390732019303448,0.377475768327713,917.6710356728828,Jeremy Soule - The Elder Scrolls V Skyrim - The Original Game Soundtrack - 13 - The Gathering Storm,0.056485996,0.0334945445480758,0.8167554727162163,0.6522836398298277,0.2852512050815555,0.26188777021210036,0.7381122297878997
0.017936973,0.004502295516431332,1.27277672290802,0.1380743191197814,0.9079504539201457,0.2897949814796448,1123.576943383952,Jeremy Soule - The Elder Scrolls V Skyrim - The Original Game Soundtrack - 14 - Dawn,0.035204016,3.679636050121417e-05,1.0,0.3108972437883957,0.5644277150792468,0.27009053412095413,0.7299094658790459
0.030733628,0.008970620110630989,1.2810523509979248,0.6506925222196158,0.5662049851869229,0.37401673197746277,798.530949387842,"Jeremy Soule - The Elder Scrolls V Skyrim - The Original Game Soundtrack - 14 - Sky Above, Voice Within",0.11773451,0.11235730782964728,0.6257174784889683,0.6388158323906172,0.12371570636942501,0.24654694370172375,0.7534530562982762
0.057186164,0.011573701165616512,1.8280556201934814,0.2989663092853107,0.8006891271431262,0.37355104088783264,1146.3558356378767,Jeremy Soule - The Elder Scrolls V Skyrim - The Original Game Soundtrack - 15 - The Jerall Mountains,0.28833696,0.17779109387803702,0.8848477049776091,0.6370026574811253,0.5953123638576959,0.43404650707965187,0.5659534929203481
0.01255039,0.004860216286033392,1.3132457733154297,0.16952890676414267,0.8869807288239049,0.3693119287490845,911.6584835140009,Jeremy Soule - The Elder Scrolls V Skyrim - The Original Game Soundtrack - 15 - Tundra,0.0004638964,0.009033869661603805,0.9802092168524048,0.6204976138166521,0.2770991158746196,0.24891302327737183,0.7510869767226281
0.009585791,0.004473018925637007,1.3251808881759644,0.14266625413701609,0.9048891639086559,0.3223757743835449,1086.0998042887388,Jeremy Soule - The Elder Scrolls V Skyrim - The Original Game Soundtrack - 16 - Journey's End,0.0,0.0,0.9999999660299566,0.43775102634976637,0.5136145207731312,0.26838555471008685,0.7316144452899132
0.031581383,0.007776408921927214,4.918638229370117,0.7566881166881166,0.4955412555412556,0.3730940818786621,715.5533683923812,Jeremy Soule - The Elder Scrolls V Skyrim - The Original Game Soundtrack - 17 - Secunda,0.123202,0.08233835806679765,0.5476264480471998,0.6352234810516333,0.011210962198269003,0.2098335507254588,0.7901664492745412
0.026207471,0.008701042272150517,1.3582371473312378,0.1717593704148326,0.8854937530567782,0.3343871235847473,742.982825734356,Jeremy Soule - The Elder Scrolls V Skyrim - The Original Game Soundtrack - 18 - Imperial Throne,0.0885436,0.10558091545694927,0.9785659485098036,0.484517386036968,0.04840105672731195,0.2331727248565699,0.7668272751434301
0.037885096,0.009657317772507668,1.5742743015289307,0.6016247838557035,0.5989168107628644,0.3758068084716797,977.1936943990744,Jeremy Soule - The Elder Scrolls V Skyrim - The Original Game Soundtrack - 18 - Wind Guide You,0.16385704,0.1296188632472591,0.6618675682120247,0.6457855207906326,0.3659547085103134,0.3178073590158029,0.6821926409841971
0.029045083,0.00753511069342494,1.6060388088226318,0.2579781738223297,0.8280145507851135,0.2092311978340149,1042.6646842243765,Random Ambiance 1,0.10684444,0.07627283174465974,0.9150452405472802,0.0,0.4547232273386812,0.2335707102344604,0.7664292897655396
0.033854235,0.006516085471957922,2.358274221420288,1.99717699814008,0.0,0.1989418864250183,859.6563234872025,Random Ambiance 2,0.13786049,0.05065754089857555,0.0,0.0,0.20659224353662617,0.0953409844737515,0.9046590155262485
0.029211517,0.007556557189673185,1.5834423303604126,0.22376601456990602,0.850822656953396,0.2099825143814087,1044.2437188539911,Random Ambiance,0.10791784,0.07681193345426941,0.9402506538765445,0.0001462630854610719,0.45686415365770594,0.23699817326539302,0.763001826734607
