path,source,track_id,duration_sec,num_codebooks,num_frames,sample_rate,frame_rate,bandwidth_kbps,split,stage,exclusion_reason
slakh/train_000.pt,slakh,Track00655,187.9887528344671,32,14100,24000,75,24.0,train,pretrain,
slakh/train_001.pt,slakh,Track00097,190.83319727891157,32,14313,24000,75,24.0,train,pretrain,
slakh/train_002.pt,slakh,Track01401,225.30321995464854,32,16898,24000,75,24.0,train,pretrain,
slakh/train_003.pt,slakh,Track00418,294.6263945578231,32,22097,24000,75,24.0,train,pretrain,
slakh/train_004.pt,slakh,Track00060,244.06494331065758,32,18305,24000,75,24.0,train,pretrain,
slakh/train_005.pt,slakh,Track00863,310.0560544217687,32,23255,24000,75,24.0,train,pretrain,
slakh/train_006.pt,slakh,Track01440,300.72163265306125,32,22555,24000,75,24.0,train,pretrain,
slakh/train_007.pt,slakh,Track00751,249.03401360544217,32,18678,24000,75,24.0,train,pretrain,
slakh/train_008.pt,slakh,Track01346,294.02267573696145,32,22052,24000,75,24.0,train,pretrain,
slakh/train_009.pt,slakh,Track01327,232.3504761904762,32,17427,24000,75,24.0,val,pretrain,
slakh/train_010.pt,slakh,Track00968,251.04253968253968,32,18829,24000,75,24.0,train,pretrain,
slakh/train_011.pt,slakh,Track01298,205.902947845805,32,15443,24000,75,24.0,train,pretrain,
slakh/train_012.pt,slakh,Track00036,211.75437641723357,32,15882,24000,75,24.0,train,pretrain,
slakh/train_013.pt,slakh,Track00294,273.02022675736964,32,20477,24000,75,24.0,val,pretrain,
slakh/train_014.pt,slakh,Track01390,259.92417233560093,32,19495,24000,75,24.0,train,pretrain,
slakh/train_015.pt,slakh,Track01069,252.2615873015873,32,18920,24000,75,24.0,train,pretrain,
slakh/train_016.pt,slakh,Track00159,258.9953741496599,32,19425,24000,75,24.0,train,pretrain,
slakh/train_017.pt,slakh,Track00636,234.86984126984126,32,17616,24000,75,24.0,train,pretrain,
slakh/train_018.pt,slakh,Track01119,226.90539682539682,32,17018,24000,75,24.0,train,pretrain,
slakh/train_019.pt,slakh,Track00867,215.0051700680272,32,16126,24000,75,24.0,train,pretrain,
slakh/train_020.pt,slakh,Track00747,299.0033560090703,32,22426,24000,75,24.0,train,pretrain,
slakh/train_021.pt,slakh,Track00473,350.00598639455785,32,26251,24000,75,24.0,train,pretrain,
slakh/train_022.pt,slakh,Track01468,226.3481179138322,32,16977,24000,75,24.0,train,pretrain,
slakh/train_023.pt,slakh,Track01489,263.3026757369615,32,19748,24000,75,24.0,train,pretrain,
slakh/train_024.pt,slakh,Track01118,297.64498866213154,32,22324,24000,75,24.0,val,pretrain,
slakh/train_025.pt,slakh,Track00941,280.5899319727891,32,21045,24000,75,24.0,train,pretrain,
slakh/train_026.pt,slakh,Track00033,239.11909297052154,32,17934,24000,75,24.0,train,pretrain,
slakh/train_027.pt,slakh,Track00493,195.221768707483,32,14642,24000,75,24.0,train,pretrain,
slakh/train_028.pt,slakh,Track01398,191.83165532879818,32,14388,24000,75,24.0,train,pretrain,
slakh/train_029.pt,slakh,Track00127,212.9037641723356,32,15968,24000,75,24.0,train,pretrain,
slakh/train_030.pt,slakh,Track00176,269.27020408163264,32,20196,24000,75,24.0,train,pretrain,
slakh/train_031.pt,slakh,Track00648,323.89514739229026,32,24293,24000,75,24.0,train,pretrain,
slakh/train_032.pt,slakh,Track00500,299.1310657596372,32,22435,24000,75,24.0,train,pretrain,
slakh/train_033.pt,slakh,Track00194,202.54766439909298,32,15192,24000,75,24.0,train,pretrain,
slakh/train_034.pt,slakh,Track01094,296.4956009070295,32,22238,24000,75,24.0,train,pretrain,
slakh/train_035.pt,slakh,Track00133,230.26068027210886,32,17270,24000,75,24.0,train,pretrain,
slakh/train_036.pt,slakh,Track00439,233.88299319727892,32,17542,24000,75,24.0,val,pretrain,
slakh/train_037.pt,slakh,Track01174,302.741768707483,32,22706,24000,75,24.0,train,pretrain,
slakh/train_038.pt,slakh,Track00088,231.9673469387755,32,17398,24000,75,24.0,train,pretrain,
slakh/train_039.pt,slakh,Track01473,286.9638095238095,32,21523,24000,75,24.0,train,pretrain,
slakh/train_040.pt,slakh,Track00828,256.8707482993197,32,19266,24000,75,24.0,train,pretrain,
slakh/train_041.pt,slakh,Track00200,237.62140589569162,32,17822,24000,75,24.0,train,pretrain,
slakh/train_042.pt,slakh,Track00875,208.7241723356009,32,15655,24000,75,24.0,train,pretrain,
slakh/train_043.pt,slakh,Track00087,230.81795918367348,32,17312,24000,75,24.0,train,pretrain,
slakh/train_044.pt,slakh,Track00736,201.4331065759637,32,15108,24000,75,24.0,train,pretrain,
slakh/train_045.pt,slakh,Track00037,271.2322902494331,32,20343,24000,75,24.0,train,pretrain,
slakh/train_046.pt,slakh,Track00481,268.1556462585034,32,20112,24000,75,24.0,train,pretrain,
slakh/train_047.pt,slakh,Track00255,240.81414965986394,32,18062,24000,75,24.0,train,pretrain,
slakh/train_048.pt,slakh,Track00421,365.0060770975057,32,27376,24000,75,24.0,train,pretrain,
slakh/train_049.pt,slakh,Track00219,310.4159637188209,32,23282,24000,75,24.0,train,pretrain,
slakh/train_050.pt,slakh,Track00818,370.00997732426305,32,27751,24000,75,24.0,val,pretrain,
slakh/train_051.pt,slakh,Track00165,303.5312471655329,32,22765,24000,75,24.0,train,pretrain,
slakh/train_052.pt,slakh,Track01016,263.1285260770975,32,19735,24000,75,24.0,train,pretrain,
slakh/train_053.pt,slakh,Track00479,255.54721088435375,32,19167,24000,75,24.0,train,pretrain,
slakh/train_054.pt,slakh,Track00599,229.9936507936508,32,17250,24000,75,24.0,train,pretrain,
slakh/train_055.pt,slakh,Track01284,227.92707482993197,32,17095,24000,75,24.0,train,pretrain,
slakh/train_056.pt,slakh,Track00419,280.60154195011336,32,21046,24000,75,24.0,train,pretrain,
slakh/train_057.pt,slakh,Track00713,294.8121541950113,32,22111,24000,75,24.0,train,pretrain,
slakh/train_058.pt,slakh,Track00297,206.63437641723357,32,15498,24000,75,24.0,train,pretrain,
slakh/train_059.pt,slakh,Track00766,254.2120634920635,32,19066,24000,75,24.0,train,pretrain,
slakh/train_060.pt,slakh,Track00317,302.21931972789116,32,22667,24000,75,24.0,train,pretrain,
slakh/train_061.pt,slakh,Track00638,419.1550113378685,32,31437,24000,75,24.0,train,pretrain,
slakh/train_062.pt,slakh,Track01320,171.01496598639457,32,12827,24000,75,24.0,train,pretrain,
slakh/train_063.pt,slakh,Track01403,184.62185941043083,32,13847,24000,75,24.0,train,pretrain,
slakh/train_064.pt,slakh,Track01223,189.28907029478458,32,14197,24000,75,24.0,val,pretrain,
slakh/train_065.pt,slakh,Track01039,237.05251700680273,32,17779,24000,75,24.0,train,pretrain,
slakh/train_066.pt,slakh,Track01242,142.40798185941043,32,10681,24000,75,24.0,train,pretrain,
slakh/train_067.pt,slakh,Track00533,205.34566893424036,32,15401,24000,75,24.0,train,pretrain,
slakh/train_068.pt,slakh,Track00983,266.59990929705214,32,19995,24000,75,24.0,train,pretrain,
slakh/train_069.pt,slakh,Track00686,308.47709750566895,32,23136,24000,75,24.0,train,pretrain,
slakh/train_070.pt,slakh,Track00548,370.2189569160998,32,27767,24000,75,24.0,train,pretrain,
slakh/train_071.pt,slakh,Track00806,400.88090702947846,32,30067,24000,75,24.0,train,pretrain,
slakh/train_072.pt,slakh,Track00691,184.8540589569161,32,13865,24000,75,24.0,train,pretrain,
slakh/train_073.pt,slakh,Track01003,219.01061224489797,32,16426,24000,75,24.0,train,pretrain,
slakh/train_074.pt,slakh,Track00908,295.50875283446715,32,22164,24000,75,24.0,val,pretrain,
slakh/train_075.pt,slakh,Track00067,253.0742857142857,32,18981,24000,75,24.0,train,pretrain,
slakh/train_076.pt,slakh,Track00187,223.88680272108843,32,16792,24000,75,24.0,train,pretrain,
slakh/train_077.pt,slakh,Track01331,190.84480725623584,32,14314,24000,75,24.0,train,pretrain,
slakh/train_078.pt,slakh,Track00558,237.09895691609978,32,17783,24000,75,24.0,val,pretrain,
slakh/train_079.pt,slakh,Track01197,254.5487528344671,32,19092,24000,75,24.0,train,pretrain,
slakh/train_080.pt,slakh,Track00928,214.7613605442177,32,16108,24000,75,24.0,train,pretrain,
slakh/train_081.pt,slakh,Track00128,462.390566893424,32,34680,24000,75,24.0,train,pretrain,
slakh/train_082.pt,slakh,Track01013,195.442358276644,32,14659,24000,75,24.0,train,pretrain,
slakh/train_083.pt,slakh,Track01309,184.26195011337867,32,13820,24000,75,24.0,train,pretrain,
slakh/train_084.pt,slakh,Track00498,261.45668934240365,32,19610,24000,75,24.0,train,pretrain,
slakh/train_085.pt,slakh,Track00998,357.8427210884354,32,26839,24000,75,24.0,train,pretrain,
slakh/train_086.pt,slakh,Track00003,218.72036281179138,32,16405,24000,75,24.0,train,pretrain,
slakh/train_087.pt,slakh,Track00414,203.0701133786848,32,15231,24000,75,24.0,train,pretrain,
slakh/train_088.pt,slakh,Track00567,241.27854875283447,32,18096,24000,75,24.0,val,pretrain,
slakh/train_089.pt,slakh,Track00002,190.38040816326532,32,14279,24000,75,24.0,train,pretrain,
slakh/train_090.pt,slakh,Track00838,351.60816326530613,32,26371,24000,75,24.0,train,pretrain,
slakh/train_091.pt,slakh,Track01204,246.42176870748298,32,18482,24000,75,24.0,train,pretrain,
slakh/train_092.pt,slakh,Track00722,305.45850340136053,32,22910,24000,75,24.0,val,pretrain,
slakh/train_093.pt,slakh,Track00639,166.08072562358277,32,12457,24000,75,24.0,train,pretrain,
slakh/train_094.pt,slakh,Track01474,231.88607709750568,32,17392,24000,75,24.0,train,pretrain,
slakh/train_095.pt,slakh,Track01064,228.87909297052155,32,17166,24000,75,24.0,train,pretrain,
slakh/train_096.pt,slakh,Track00061,260.1679818594104,32,19513,24000,75,24.0,train,pretrain,
slakh/train_097.pt,slakh,Track01023,226.4409977324263,32,16984,24000,75,24.0,train,pretrain,
slakh/train_098.pt,slakh,Track00007,246.862947845805,32,18515,24000,75,24.0,train,pretrain,
slakh/train_099.pt,slakh,Track00560,274.16961451247164,32,20563,24000,75,24.0,train,pretrain,
slakh/train_100.pt,slakh,Track01021,325.59020408163263,32,24420,24000,75,24.0,train,pretrain,
slakh/train_101.pt,slakh,Track00059,295.96154195011337,32,22198,24000,75,24.0,train,pretrain,
slakh/train_102.pt,slakh,Track00435,255.2801814058957,32,19147,24000,75,24.0,train,pretrain,
slakh/train_103.pt,slakh,Track00352,310.76426303854873,32,23308,24000,75,24.0,train,pretrain,
slakh/train_104.pt,slakh,Track00494,268.89868480725625,32,20168,24000,75,24.0,train,pretrain,
slakh/train_105.pt,slakh,Track01214,271.00009070294783,32,20326,24000,75,24.0,val,pretrain,
slakh/train_106.pt,slakh,Track01044,256.55727891156465,32,19242,24000,75,24.0,train,pretrain,
slakh/train_107.pt,slakh,Track00026,333.63591836734696,32,25023,24000,75,24.0,train,pretrain,
slakh/train_108.pt,slakh,Track00108,232.95419501133787,32,17472,24000,75,24.0,train,pretrain,
slakh/train_109.pt,slakh,Track00631,241.1740589569161,32,18089,24000,75,24.0,train,pretrain,
slakh/train_110.pt,slakh,Track00628,271.5573696145125,32,20367,24000,75,24.0,train,pretrain,
slakh/train_111.pt,slakh,Track01453,228.27537414965985,32,17121,24000,75,24.0,train,pretrain,
slakh/train_112.pt,slakh,Track00891,269.4095238095238,32,20206,24000,75,24.0,train,pretrain,
slakh/train_113.pt,slakh,Track00145,258.33360544217686,32,19376,24000,75,24.0,train,pretrain,
slakh/train_114.pt,slakh,Track00704,176.58775510204083,32,13245,24000,75,24.0,train,pretrain,
slakh/train_115.pt,slakh,Track00250,284.3863945578231,32,21329,24000,75,24.0,train,pretrain,
slakh/train_116.pt,slakh,Track00310,224.0841723356009,32,16807,24000,75,24.0,train,pretrain,
slakh/train_117.pt,slakh,Track01272,266.00780045351473,32,19951,24000,75,24.0,train,pretrain,
slakh/train_118.pt,slakh,Track00409,184.42448979591836,32,13832,24000,75,24.0,train,pretrain,
slakh/train_119.pt,slakh,Track01425,229.72662131519274,32,17230,24000,75,24.0,train,pretrain,
slakh/train_120.pt,slakh,Track01043,282.72616780045354,32,21205,24000,75,24.0,train,pretrain,
slakh/train_121.pt,slakh,Track00887,400.9157369614513,32,30069,24000,75,24.0,train,pretrain,
slakh/train_122.pt,slakh,Track00028,255.338231292517,32,19151,24000,75,24.0,train,pretrain,
slakh/train_123.pt,slakh,Track00780,251.08897959183673,32,18832,24000,75,24.0,train,pretrain,
slakh/train_124.pt,slakh,Track01106,227.1027664399093,32,17033,24000,75,24.0,train,pretrain,
slakh/train_125.pt,slakh,Track00717,298.77115646258505,32,22408,24000,75,24.0,train,pretrain,
slakh/train_126.pt,slakh,Track00464,165.08226757369616,32,12382,24000,75,24.0,train,pretrain,
slakh/train_127.pt,slakh,Track01370,256.1393197278912,32,19211,24000,75,24.0,train,pretrain,
slakh/train_128.pt,slakh,Track00816,271.4877097505669,32,20362,24000,75,24.0,train,pretrain,
slakh/train_129.pt,slakh,Track01466,362.17324263038546,32,27163,24000,75,24.0,train,pretrain,
slakh/train_130.pt,slakh,Track00167,296.00798185941045,32,22201,24000,75,24.0,train,pretrain,
slakh/train_131.pt,slakh,Track00525,235.71736961451248,32,17679,24000,75,24.0,train,pretrain,
slakh/train_132.pt,slakh,Track00221,270.5473015873016,32,20292,24000,75,24.0,train,pretrain,
slakh/train_133.pt,slakh,Track00373,247.8962358276644,32,18593,24000,75,24.0,train,pretrain,
slakh/train_134.pt,slakh,Track00731,604.6708390022676,32,45351,24000,75,24.0,train,pretrain,
slakh/train_135.pt,slakh,Track00574,219.39374149659864,32,16455,24000,75,24.0,train,pretrain,
slakh/train_136.pt,slakh,Track00395,191.51818594104307,32,14364,24000,75,24.0,train,pretrain,
slakh/train_137.pt,slakh,Track00954,170.31836734693877,32,12774,24000,75,24.0,train,pretrain,
slakh/train_138.pt,slakh,Track00361,238.38766439909298,32,17880,24000,75,24.0,train,pretrain,
slakh/train_139.pt,slakh,Track01123,165.0009977324263,32,12376,24000,75,24.0,train,pretrain,
slakh/train_140.pt,slakh,Track00598,261.6192290249433,32,19622,24000,75,24.0,train,pretrain,
slakh/train_141.pt,slakh,Track01263,250.4736507936508,32,18786,24000,75,24.0,train,pretrain,
slakh/train_142.pt,slakh,Track00198,238.45732426303854,32,17885,24000,75,24.0,train,pretrain,
slakh/train_143.pt,slakh,Track00142,227.45106575963717,32,17059,24000,75,24.0,train,pretrain,
slakh/train_144.pt,slakh,Track00071,422.88181405895693,32,31717,24000,75,24.0,train,pretrain,
slakh/train_145.pt,slakh,Track00326,230.1561904761905,32,17262,24000,75,24.0,train,pretrain,
slakh/train_146.pt,slakh,Track01337,241.53396825396825,32,18116,24000,75,24.0,train,pretrain,
slakh/train_147.pt,slakh,Track00402,239.64154195011338,32,17974,24000,75,24.0,train,pretrain,
slakh/train_148.pt,slakh,Track01168,245.0053514739229,32,18376,24000,75,24.0,train,pretrain,
slakh/train_149.pt,slakh,Track00132,277.1765986394558,32,20789,24000,75,24.0,train,pretrain,
slakh/train_150.pt,slakh,Track00151,200.2721088435374,32,15021,24000,75,24.0,val,pretrain,
slakh/train_151.pt,slakh,Track00359,261.45668934240365,32,19610,24000,75,24.0,train,pretrain,
slakh/train_152.pt,slakh,Track00992,280.99628117913835,32,21075,24000,75,24.0,train,pretrain,
slakh/train_153.pt,slakh,Track00278,224.81560090702948,32,16862,24000,75,24.0,train,pretrain,
slakh/train_154.pt,slakh,Track00786,219.61433106575964,32,16472,24000,75,24.0,train,pretrain,
slakh/train_155.pt,slakh,Track00936,299.5258049886621,32,22465,24000,75,24.0,train,pretrain,
slakh/train_156.pt,slakh,Track01276,236.00761904761904,32,17701,24000,75,24.0,train,pretrain,
slakh/train_157.pt,slakh,Track00793,240.96507936507936,32,18073,24000,75,24.0,train,pretrain,
slakh/train_158.pt,slakh,Track00518,200.88743764172335,32,15067,24000,75,24.0,train,pretrain,
slakh/train_159.pt,slakh,Track00795,271.1045804988662,32,20333,24000,75,24.0,train,pretrain,
slakh/train_160.pt,slakh,Track00404,140.6548752834467,32,10550,24000,75,24.0,train,pretrain,
slakh/train_161.pt,slakh,Track00885,237.29632653061225,32,17798,24000,75,24.0,train,pretrain,
slakh/train_162.pt,slakh,Track01086,252.62149659863945,32,18947,24000,75,24.0,train,pretrain,
slakh/train_163.pt,slakh,Track00859,202.01360544217687,32,15152,24000,75,24.0,train,pretrain,
slakh/train_164.pt,slakh,Track00427,258.9953741496599,32,19425,24000,75,24.0,train,pretrain,
slakh/train_165.pt,slakh,Track01380,251.14702947845805,32,18837,24000,75,24.0,train,pretrain,
slakh/train_166.pt,slakh,Track00225,252.87691609977324,32,18966,24000,75,24.0,train,pretrain,
slakh/train_167.pt,slakh,Track00480,242.60208616780045,32,18196,24000,75,24.0,train,pretrain,
slakh/train_168.pt,slakh,Track01271,210.40761904761905,32,15781,24000,75,24.0,train,pretrain,
slakh/train_169.pt,slakh,Track00246,234.7305215419501,32,17605,24000,75,24.0,train,pretrain,
slakh/train_170.pt,slakh,Track01015,201.71174603174603,32,15129,24000,75,24.0,train,pretrain,
slakh/train_171.pt,slakh,Track00259,192.89977324263037,32,14468,24000,75,24.0,train,pretrain,
slakh/train_172.pt,slakh,Track00347,268.89868480725625,32,20168,24000,75,24.0,val,pretrain,
slakh/train_173.pt,slakh,Track01420,213.20562358276644,32,15991,24000,75,24.0,train,pretrain,
slakh/train_174.pt,slakh,Track00204,303.18294784580496,32,22739,24000,75,24.0,val,pretrain,
slakh/train_175.pt,slakh,Track00308,197.88045351473923,32,14842,24000,75,24.0,train,pretrain,
slakh/train_176.pt,slakh,Track01127,307.0142403628118,32,23027,24000,75,24.0,train,pretrain,
slakh/train_177.pt,slakh,Track00093,295.78739229024944,32,22185,24000,75,24.0,val,pretrain,
slakh/train_178.pt,slakh,Track01340,176.7502947845805,32,13257,24000,75,24.0,train,pretrain,
slakh/train_179.pt,slakh,Track01278,255.5936507936508,32,19170,24000,75,24.0,train,pretrain,
slakh/train_180.pt,slakh,Track00335,227.59038548752835,32,17070,24000,75,24.0,val,pretrain,
slakh/train_181.pt,slakh,Track01296,188.38349206349207,32,14129,24000,75,24.0,train,pretrain,
slakh/train_182.pt,slakh,Track01433,191.43691609977324,32,14358,24000,75,24.0,train,pretrain,
slakh/train_183.pt,slakh,Track01216,147.2493424036281,32,11044,24000,75,24.0,train,pretrain,
slakh/train_184.pt,slakh,Track00043,301.49950113378685,32,22613,24000,75,24.0,train,pretrain,
slakh/train_185.pt,slakh,Track01107,251.20507936507937,32,18841,24000,75,24.0,val,pretrain,
slakh/train_186.pt,slakh,Track01428,171.01496598639457,32,12827,24000,75,24.0,train,pretrain,
slakh/train_187.pt,slakh,Track00849,240.33814058956915,32,18026,24000,75,24.0,train,pretrain,
slakh/train_188.pt,slakh,Track01364,261.9443083900227,32,19646,24000,75,24.0,train,pretrain,
slakh/train_189.pt,slakh,Track00550,258.9953741496599,32,19425,24000,75,24.0,train,pretrain,
slakh/train_190.pt,slakh,Track00362,235.27619047619046,32,17646,24000,75,24.0,train,pretrain,
slakh/train_191.pt,slakh,Track01500,287.61396825396827,32,21572,24000,75,24.0,val,pretrain,
slakh/train_192.pt,slakh,Track00502,236.61133786848072,32,17746,24000,75,24.0,train,pretrain,
slakh/train_193.pt,slakh,Track00226,216.6421768707483,32,16249,24000,75,24.0,train,pretrain,
slakh/train_194.pt,slakh,Track00438,182.41596371882085,32,13682,24000,75,24.0,train,pretrain,
slakh/train_195.pt,slakh,Track01268,359.67709750566894,32,26976,24000,75,24.0,train,pretrain,
slakh/train_196.pt,slakh,Track01091,242.17251700680274,32,18163,24000,75,24.0,train,pretrain,
slakh/train_197.pt,slakh,Track00922,253.37614512471654,32,19004,24000,75,24.0,train,pretrain,
slakh/train_198.pt,slakh,Track00070,248.00072562358275,32,18601,24000,75,24.0,train,pretrain,
slakh/train_199.pt,slakh,Track00889,273.65877551020407,32,20525,24000,75,24.0,train,pretrain,
slakh/train_200.pt,slakh,Track00528,210.08253968253968,32,15757,24000,75,24.0,val,pretrain,
slakh/train_201.pt,slakh,Track00372,242.20734693877552,32,18166,24000,75,24.0,val,pretrain,
slakh/train_202.pt,slakh,Track00484,203.33714285714285,32,15251,24000,75,24.0,train,pretrain,
slakh/train_203.pt,slakh,Track01287,230.35356009070296,32,17277,24000,75,24.0,train,pretrain,
slakh/train_204.pt,slakh,Track00937,223.88680272108843,32,16792,24000,75,24.0,train,pretrain,
slakh/train_205.pt,slakh,Track00447,215.69015873015874,32,16177,24000,75,24.0,train,pretrain,
slakh/train_206.pt,slakh,Track01038,254.2120634920635,32,19066,24000,75,24.0,train,pretrain,
slakh/train_207.pt,slakh,Track00234,383.75619047619045,32,28782,24000,75,24.0,train,pretrain,
slakh/train_208.pt,slakh,Track00155,169.00643990929706,32,12676,24000,75,24.0,train,pretrain,
slakh/train_209.pt,slakh,Track00842,209.53687074829932,32,15716,24000,75,24.0,train,pretrain,
slakh/train_210.pt,slakh,Track01406,174.0219501133787,32,13052,24000,75,24.0,train,pretrain,
slakh/train_211.pt,slakh,Track01495,260.31891156462586,32,19524,24000,75,24.0,train,pretrain,
slakh/train_212.pt,slakh,Track00014,274.1812244897959,32,20564,24000,75,24.0,val,pretrain,
slakh/train_213.pt,slakh,Track01269,247.06031746031746,32,18530,24000,75,24.0,val,pretrain,
slakh/train_214.pt,slakh,Track01012,174.56761904761905,32,13093,24000,75,24.0,train,pretrain,
slakh/train_215.pt,slakh,Track00809,245.0053514739229,32,18376,24000,75,24.0,train,pretrain,
slakh/train_216.pt,slakh,Track00643,314.60716553287983,32,23596,24000,75,24.0,train,pretrain,
slakh/train_217.pt,slakh,Track00575,231.88607709750568,32,17392,24000,75,24.0,train,pretrain,
slakh/train_218.pt,slakh,Track01361,446.9260770975057,32,33520,24000,75,24.0,train,pretrain,
slakh/train_219.pt,slakh,Track00944,296.72780045351476,32,22255,24000,75,24.0,train,pretrain,
slakh/train_220.pt,slakh,Track01194,216.03845804988663,32,16203,24000,75,24.0,train,pretrain,
slakh/train_221.pt,slakh,Track01486,237.1802267573696,32,17789,24000,75,24.0,val,pretrain,
slakh/train_222.pt,slakh,Track00610,300.18757369614514,32,22515,24000,75,24.0,train,pretrain,
slakh/train_223.pt,slakh,Track01363,188.38349206349207,32,14129,24000,75,24.0,train,pretrain,
slakh/train_224.pt,slakh,Track00412,269.5720634920635,32,20218,24000,75,24.0,train,pretrain,
slakh/train_225.pt,slakh,Track00444,339.18548752834465,32,25439,24000,75,24.0,train,pretrain,
slakh/train_226.pt,slakh,Track00358,57.56226757369615,32,4318,24000,75,24.0,train,pretrain,
slakh/train_227.pt,slakh,Track00534,170.79437641723356,32,12810,24000,75,24.0,train,pretrain,
slakh/train_228.pt,slakh,Track00728,198.18231292517007,32,14864,24000,75,24.0,train,pretrain,
slakh/train_229.pt,slakh,Track01330,156.47927437641724,32,11736,24000,75,24.0,val,pretrain,
slakh/train_230.pt,slakh,Track00856,249.56807256235828,32,18718,24000,75,24.0,train,pretrain,
slakh/train_231.pt,slakh,Track00490,266.91337868480724,32,20019,24000,75,24.0,val,pretrain,
slakh/train_232.pt,slakh,Track00958,299.212335600907,32,22441,24000,75,24.0,val,pretrain,
slakh/train_233.pt,slakh,Track00063,176.32072562358277,32,13225,24000,75,24.0,train,pretrain,
slakh/train_234.pt,slakh,Track01241,344.0965079365079,32,25808,24000,75,24.0,train,pretrain,
slakh/train_235.pt,slakh,Track00770,273.1827664399093,32,20489,24000,75,24.0,train,pretrain,
slakh/train_236.pt,slakh,Track00284,340.13750566893424,32,25511,24000,75,24.0,val,pretrain,
slakh/train_237.pt,slakh,Track00676,207.29614512471656,32,15548,24000,75,24.0,train,pretrain,
slakh/train_238.pt,slakh,Track00843,268.887074829932,32,20167,24000,75,24.0,train,pretrain,
slakh/train_239.pt,slakh,Track00738,252.27319727891157,32,18921,24000,75,24.0,val,pretrain,
slakh/train_240.pt,slakh,Track00815,215.94557823129253,32,16196,24000,75,24.0,train,pretrain,
slakh/train_241.pt,slakh,Track00595,283.19056689342403,32,21240,24000,75,24.0,train,pretrain,
slakh/train_242.pt,slakh,Track01089,214.90068027210884,32,16118,24000,75,24.0,train,pretrain,
slakh/train_243.pt,slakh,Track01333,134.69895691609977,32,10103,24000,75,24.0,train,pretrain,
slakh/train_244.pt,slakh,Track01222,280.69442176870746,32,21053,24000,75,24.0,train,pretrain,
slakh/train_245.pt,slakh,Track01310,205.020589569161,32,15377,24000,75,24.0,train,pretrain,
slakh/train_246.pt,slakh,Track01072,368.90702947845807,32,27669,24000,75,24.0,train,pretrain,
slakh/train_247.pt,slakh,Track00218,264.59138321995465,32,19845,24000,75,24.0,val,pretrain,
slakh/train_248.pt,slakh,Track01175,257.7298866213152,32,19330,24000,75,24.0,train,pretrain,
slakh/train_249.pt,slakh,Track00237,221.00752834467121,32,16576,24000,75,24.0,train,pretrain,
slakh/train_250.pt,slakh,Track01055,319.4485260770975,32,23959,24000,75,24.0,train,pretrain,
slakh/train_251.pt,slakh,Track01392,266.7160090702948,32,20004,24000,75,24.0,train,pretrain,
slakh/train_252.pt,slakh,Track00659,161.15809523809523,32,12087,24000,75,24.0,train,pretrain,
slakh/train_253.pt,slakh,Track00140,205.020589569161,32,15377,24000,75,24.0,train,pretrain,
slakh/train_254.pt,slakh,Track01377,242.3698866213152,32,18178,24000,75,24.0,train,pretrain,
slakh/train_255.pt,slakh,Track00505,232.59428571428572,32,17445,24000,75,24.0,train,pretrain,
slakh/train_256.pt,slakh,Track00272,218.3372335600907,32,16376,24000,75,24.0,train,pretrain,
slakh/train_257.pt,slakh,Track00540,187.23410430839002,32,14043,24000,75,24.0,train,pretrain,
slakh/train_258.pt,slakh,Track00823,250.61297052154194,32,18796,24000,75,24.0,train,pretrain,
slakh/train_259.pt,slakh,Track00158,281.00789115646256,32,21076,24000,75,24.0,train,pretrain,
slakh/train_260.pt,slakh,Track00102,317.95083900226757,32,23847,24000,75,24.0,train,pretrain,
slakh/train_261.pt,slakh,Track01122,269.4095238095238,32,20206,24000,75,24.0,train,pretrain,
slakh/train_262.pt,slakh,Track00596,249.61451247165533,32,18722,24000,75,24.0,train,pretrain,
slakh/train_263.pt,slakh,Track00451,268.89868480725625,32,20168,24000,75,24.0,train,pretrain,
slakh/train_264.pt,slakh,Track00460,266.76244897959185,32,20008,24000,75,24.0,train,pretrain,
slakh/train_265.pt,slakh,Track00652,233.59274376417233,32,17520,24000,75,24.0,val,pretrain,
slakh/train_266.pt,slakh,Track00761,206.6459863945578,32,15499,24000,75,24.0,train,pretrain,
slakh/train_267.pt,slakh,Track00514,231.27074829931973,32,17346,24000,75,24.0,train,pretrain,
slakh/train_268.pt,slakh,Track00921,226.90539682539682,32,17018,24000,75,24.0,train,pretrain,
slakh/train_269.pt,slakh,Track01335,222.57487528344672,32,16694,24000,75,24.0,train,pretrain,
slakh/train_270.pt,slakh,Track00939,446.9260770975057,32,33520,24000,75,24.0,train,pretrain,
slakh/train_271.pt,slakh,Track01181,213.46104308390022,32,16010,24000,75,24.0,train,pretrain,
slakh/train_272.pt,slakh,Track00794,268.89868480725625,32,20168,24000,75,24.0,train,pretrain,
slakh/train_273.pt,slakh,Track00068,301.00027210884355,32,22576,24000,75,24.0,train,pretrain,
slakh/train_274.pt,slakh,Track00300,384.33668934240364,32,28826,24000,75,24.0,train,pretrain,
slakh/train_275.pt,slakh,Track01354,212.45097505668934,32,15934,24000,75,24.0,train,pretrain,
slakh/train_276.pt,slakh,Track00569,252.55183673469386,32,18942,24000,75,24.0,train,pretrain,
slakh/train_277.pt,slakh,Track00660,294.3593650793651,32,22077,24000,75,24.0,val,pretrain,
slakh/train_278.pt,slakh,Track01198,269.4095238095238,32,20206,24000,75,24.0,train,pretrain,
slakh/train_279.pt,slakh,Track00008,259.6223129251701,32,19472,24000,75,24.0,train,pretrain,
slakh/train_280.pt,slakh,Track00592,361.1051247165533,32,27083,24000,75,24.0,val,pretrain,
slakh/train_281.pt,slakh,Track00205,226.2552380952381,32,16970,24000,75,24.0,train,pretrain,
slakh/train_282.pt,slakh,Track00482,251.3792290249433,32,18854,24000,75,24.0,train,pretrain,
slakh/train_283.pt,slakh,Track00995,180.00108843537416,32,13501,24000,75,24.0,train,pretrain,
slakh/train_284.pt,slakh,Track00556,199.9934693877551,32,15000,24000,75,24.0,train,pretrain,
slakh/train_285.pt,slakh,Track00270,244.5061224489796,32,18338,24000,75,24.0,train,pretrain,
slakh/train_286.pt,slakh,Track00609,161.146485260771,32,12086,24000,75,24.0,train,pretrain,
slakh/train_287.pt,slakh,Track00311,301.15120181405894,32,22587,24000,75,24.0,train,pretrain,
slakh/train_288.pt,slakh,Track00261,169.98167800453515,32,12749,24000,75,24.0,train,pretrain,
slakh/train_289.pt,slakh,Track00945,344.6073469387755,32,25846,24000,75,24.0,train,pretrain,
slakh/train_290.pt,slakh,Track01342,169.98167800453515,32,12749,24000,75,24.0,train,pretrain,
slakh/train_291.pt,slakh,Track00329,247.62920634920636,32,18573,24000,75,24.0,train,pretrain,
slakh/train_292.pt,slakh,Track00197,203.00045351473923,32,15226,24000,75,24.0,train,pretrain,
slakh/train_293.pt,slakh,Track00437,243.47283446712018,32,18261,24000,75,24.0,train,pretrain,
slakh/train_294.pt,slakh,Track01192,240.16399092970522,32,18013,24000,75,24.0,train,pretrain,
slakh/train_295.pt,slakh,Track01275,178.48018140589568,32,13387,24000,75,24.0,train,pretrain,
slakh/train_296.pt,slakh,Track01297,330.5012244897959,32,24788,24000,75,24.0,train,pretrain,
slakh/train_297.pt,slakh,Track00557,230.35356009070296,32,17277,24000,75,24.0,train,pretrain,
slakh/train_298.pt,slakh,Track00497,401.84453514739226,32,30139,24000,75,24.0,train,pretrain,
slakh/train_299.pt,slakh,Track01431,265.8800907029478,32,19942,24000,75,24.0,train,pretrain,
slakh/train_300.pt,slakh,Track00307,226.20879818594105,32,16966,24000,75,24.0,train,pretrain,
slakh/train_301.pt,slakh,Track01273,223.79392290249433,32,16785,24000,75,24.0,val,pretrain,
slakh/train_302.pt,slakh,Track00965,446.9260770975057,32,33520,24000,75,24.0,val,pretrain,
slakh/train_303.pt,slakh,Track00288,214.7613605442177,32,16108,24000,75,24.0,train,pretrain,
slakh/train_304.pt,slakh,Track00846,334.5879365079365,32,25095,24000,75,24.0,train,pretrain,
slakh/train_305.pt,slakh,Track00927,287.3469387755102,32,21552,24000,75,24.0,train,pretrain,
slakh/train_306.pt,slakh,Track00544,206.6459863945578,32,15499,24000,75,24.0,train,pretrain,
slakh/train_307.pt,slakh,Track00590,212.12589569160997,32,15910,24000,75,24.0,train,pretrain,
slakh/train_308.pt,slakh,Track00516,218.836462585034,32,16413,24000,75,24.0,train,pretrain,
slakh/train_309.pt,slakh,Track00407,180.50031746031746,32,13538,24000,75,24.0,train,pretrain,
slakh/train_310.pt,slakh,Track01307,217.42004535147393,32,16307,24000,75,24.0,train,pretrain,
slakh/train_311.pt,slakh,Track01085,234.55637188208615,32,17592,24000,75,24.0,train,pretrain,
slakh/train_312.pt,slakh,Track01056,221.00752834467121,32,16576,24000,75,24.0,train,pretrain,
slakh/train_313.pt,slakh,Track00393,212.28843537414966,32,15922,24000,75,24.0,train,pretrain,
slakh/train_314.pt,slakh,Track01010,232.7568253968254,32,17457,24000,75,24.0,train,pretrain,
slakh/train_315.pt,slakh,Track00149,239.64154195011338,32,17974,24000,75,24.0,train,pretrain,
slakh/train_316.pt,slakh,Track01142,372.00689342403626,32,27901,24000,75,24.0,val,pretrain,
slakh/train_317.pt,slakh,Track00125,187.19927437641724,32,14040,24000,75,24.0,train,pretrain,
slakh/train_318.pt,slakh,Track00391,283.1557369614512,32,21237,24000,75,24.0,train,pretrain,
slakh/train_319.pt,slakh,Track00758,253.35292517006803,32,19002,24000,75,24.0,train,pretrain,
slakh/train_320.pt,slakh,Track00635,165.08226757369616,32,12382,24000,75,24.0,val,pretrain,
slakh/train_321.pt,slakh,Track00181,356.1708843537415,32,26713,24000,75,24.0,train,pretrain,
slakh/train_322.pt,slakh,Track01432,286.1975510204082,32,21465,24000,75,24.0,train,pretrain,
slakh/train_323.pt,slakh,Track01166,99.67165532879818,32,7476,24000,75,24.0,train,pretrain,
slakh/train_324.pt,slakh,Track00959,211.98657596371882,32,15899,24000,75,24.0,train,pretrain,
slakh/train_325.pt,slakh,Track00062,276.83990929705215,32,20763,24000,75,24.0,train,pretrain,
slakh/train_326.pt,slakh,Track00690,248.27936507936508,32,18621,24000,75,24.0,train,pretrain,
slakh/train_327.pt,slakh,Track01244,245.0053514739229,32,18376,24000,75,24.0,train,pretrain,
slakh/train_328.pt,slakh,Track00029,121.26621315192743,32,9095,24000,75,24.0,train,pretrain,
slakh/train_329.pt,slakh,Track00257,446.9260770975057,32,33520,24000,75,24.0,val,pretrain,
slakh/train_330.pt,slakh,Track01163,233.89460317460316,32,17543,24000,75,24.0,train,pretrain,
slakh/train_331.pt,slakh,Track01063,218.22113378684807,32,16367,24000,75,24.0,train,pretrain,
slakh/train_332.pt,slakh,Track01286,215.7946485260771,32,16185,24000,75,24.0,train,pretrain,
slakh/train_333.pt,slakh,Track00784,273.56589569160997,32,20518,24000,75,24.0,train,pretrain,
slakh/train_334.pt,slakh,Track00625,180.50031746031746,32,13538,24000,75,24.0,train,pretrain,
slakh/train_335.pt,slakh,Track01479,305.9112925170068,32,22944,24000,75,24.0,train,pretrain,
slakh/train_336.pt,slakh,Track01170,263.00081632653064,32,19726,24000,75,24.0,train,pretrain,
slakh/train_337.pt,slakh,Track00763,263.46521541950113,32,19760,24000,75,24.0,val,pretrain,
slakh/train_338.pt,slakh,Track01463,261.1780498866213,32,19589,24000,75,24.0,train,pretrain,
slakh/train_339.pt,slakh,Track00171,252.8885260770975,32,18967,24000,75,24.0,train,pretrain,
slakh/train_340.pt,slakh,Track00512,239.5138321995465,32,17964,24000,75,24.0,val,pretrain,
slakh/train_341.pt,slakh,Track01183,240.97668934240363,32,18074,24000,75,24.0,train,pretrain,
slakh/train_342.pt,slakh,Track00775,380.5982766439909,32,28545,24000,75,24.0,train,pretrain,
slakh/train_343.pt,slakh,Track00913,206.4021768707483,32,15481,24000,75,24.0,train,pretrain,
slakh/train_344.pt,slakh,Track00523,433.2030839002268,32,32491,24000,75,24.0,train,pretrain,
slakh/train_345.pt,slakh,Track01141,311.4144217687075,32,23357,24000,75,24.0,train,pretrain,
slakh/train_346.pt,slakh,Track00872,233.65079365079364,32,17524,24000,75,24.0,train,pretrain,
slakh/train_347.pt,slakh,Track00040,299.212335600907,32,22441,24000,75,24.0,train,pretrain,
slakh/train_348.pt,slakh,Track00448,225.76761904761904,32,16933,24000,75,24.0,train,pretrain,
slakh/train_349.pt,slakh,Track00903,243.64698412698414,32,18274,24000,75,24.0,train,pretrain,
slakh/train_350.pt,slakh,Track00458,244.88925170068026,32,18367,24000,75,24.0,train,pretrain,
slakh/train_351.pt,slakh,Track01149,226.26684807256237,32,16971,24000,75,24.0,train,pretrain,
slakh/train_352.pt,slakh,Track00878,265.0093424036281,32,19876,24000,75,24.0,train,pretrain,
slakh/train_353.pt,slakh,Track00467,254.10757369614512,32,19059,24000,75,24.0,train,pretrain,
slakh/train_354.pt,slakh,Track00211,323.8487074829932,32,24289,24000,75,24.0,train,pretrain,
slakh/train_355.pt,slakh,Track01035,162.92281179138322,32,12220,24000,75,24.0,train,pretrain,
slakh/train_356.pt,slakh,Track00092,220.9146485260771,32,16569,24000,75,24.0,val,pretrain,
slakh/train_357.pt,slakh,Track01318,233.52308390022677,32,17515,24000,75,24.0,val,pretrain,
slakh/train_358.pt,slakh,Track00629,199.9934693877551,32,15000,24000,75,24.0,val,pretrain,
slakh/train_359.pt,slakh,Track01008,192.08707482993196,32,14407,24000,75,24.0,val,pretrain,
slakh/train_360.pt,slakh,Track01199,245.6671201814059,32,18426,24000,75,24.0,train,pretrain,
slakh/train_361.pt,slakh,Track00471,191.43691609977324,32,14358,24000,75,24.0,train,pretrain,
slakh/train_362.pt,slakh,Track00175,244.9821315192744,32,18374,24000,75,24.0,train,pretrain,
slakh/train_363.pt,slakh,Track00282,288.75174603174605,32,21657,24000,75,24.0,train,pretrain,
slakh/train_364.pt,slakh,Track01195,270.66340136054424,32,20300,24000,75,24.0,train,pretrain,
slakh/train_365.pt,slakh,Track00295,198.8905215419501,32,14917,24000,75,24.0,train,pretrain,
slakh/train_366.pt,slakh,Track00274,236.26303854875283,32,17720,24000,75,24.0,train,pretrain,
slakh/train_367.pt,slakh,Track00065,257.7298866213152,32,19330,24000,75,24.0,train,pretrain,
slakh/train_368.pt,slakh,Track00139,209.93160997732426,32,15745,24000,75,24.0,train,pretrain,
slakh/train_369.pt,slakh,Track01075,307.687619047619,32,23077,24000,75,24.0,train,pretrain,
slakh/train_370.pt,slakh,Track00298,215.91074829931972,32,16194,24000,75,24.0,train,pretrain,
slakh/train_371.pt,slakh,Track00832,241.54557823129252,32,18116,24000,75,24.0,train,pretrain,
slakh/train_372.pt,slakh,Track00996,216.27065759637188,32,16221,24000,75,24.0,train,pretrain,
slakh/train_373.pt,slakh,Track00545,303.18294784580496,32,22739,24000,75,24.0,train,pretrain,
slakh/train_374.pt,slakh,Track01315,292.73396825396827,32,21956,24000,75,24.0,val,pretrain,
slakh/train_375.pt,slakh,Track01279,293.0009977324263,32,21976,24000,75,24.0,train,pretrain,
slakh/train_376.pt,slakh,Track00532,238.2483446712018,32,17869,24000,75,24.0,val,pretrain,
slakh/train_377.pt,slakh,Track00383,221.00752834467121,32,16576,24000,75,24.0,train,pretrain,
slakh/train_378.pt,slakh,Track00182,273.20598639455784,32,20491,24000,75,24.0,val,pretrain,
slakh/train_379.pt,slakh,Track00321,209.49043083900227,32,15712,24000,75,24.0,train,pretrain,
slakh/train_380.pt,slakh,Track00531,190.7287074829932,32,14305,24000,75,24.0,train,pretrain,
slakh/train_381.pt,slakh,Track00334,244.18104308390022,32,18314,24000,75,24.0,train,pretrain,
slakh/train_382.pt,slakh,Track00399,211.44090702947847,32,15859,24000,75,24.0,train,pretrain,
slakh/train_383.pt,slakh,Track00249,166.0691156462585,32,12456,24000,75,24.0,val,pretrain,
slakh/train_384.pt,slakh,Track00778,279.0225850340136,32,20927,24000,75,24.0,train,pretrain,
slakh/train_385.pt,slakh,Track00768,215.70176870748298,32,16178,24000,75,24.0,train,pretrain,
slakh/train_386.pt,slakh,Track00551,228.62367346938777,32,17147,24000,75,24.0,train,pretrain,
slakh/train_387.pt,slakh,Track00814,356.1708843537415,32,26713,24000,75,24.0,train,pretrain,
slakh/train_388.pt,slakh,Track00286,292.33922902494334,32,21926,24000,75,24.0,train,pretrain,
slakh/train_389.pt,slakh,Track01051,267.1455782312925,32,20036,24000,75,24.0,train,pretrain,
slakh/train_390.pt,slakh,Track01047,201.70013605442176,32,15128,24000,75,24.0,train,pretrain,
slakh/train_391.pt,slakh,Track01427,276.6425396825397,32,20749,24000,75,24.0,val,pretrain,
slakh/train_392.pt,slakh,Track00174,279.45215419501136,32,20959,24000,75,24.0,train,pretrain,
slakh/train_393.pt,slakh,Track01221,296.37950113378685,32,22229,24000,75,24.0,train,pretrain,
slakh/train_394.pt,slakh,Track00114,166.6380045351474,32,12498,24000,75,24.0,train,pretrain,
slakh/train_395.pt,slakh,Track00154,266.2051700680272,32,19966,24000,75,24.0,train,pretrain,
slakh/train_396.pt,slakh,Track00466,214.58721088435374,32,16095,24000,75,24.0,train,pretrain,
slakh/train_397.pt,slakh,Track00668,236.22820861678005,32,17718,24000,75,24.0,train,pretrain,
slakh/train_398.pt,slakh,Track01160,293.19836734693877,32,21990,24000,75,24.0,val,pretrain,
slakh/train_399.pt,slakh,Track01092,238.1322448979592,32,17860,24000,75,24.0,train,pretrain,
slakh/train_400.pt,slakh,Track00202,210.59337868480725,32,15795,24000,75,24.0,train,pretrain,
slakh/train_401.pt,slakh,Track00535,251.30956916099774,32,18849,24000,75,24.0,val,pretrain,
slakh/train_402.pt,slakh,Track01065,358.41160997732425,32,26881,24000,75,24.0,val,pretrain,
slakh/train_403.pt,slakh,Track00166,283.1557369614512,32,21237,24000,75,24.0,train,pretrain,
slakh/train_404.pt,slakh,Track00506,290.911201814059,32,21819,24000,75,24.0,train,pretrain,
slakh/train_405.pt,slakh,Track00269,280.42739229024943,32,21033,24000,75,24.0,train,pretrain,
slakh/train_406.pt,slakh,Track01185,316.54603174603176,32,23741,24000,75,24.0,train,pretrain,
slakh/train_407.pt,slakh,Track00469,362.80018140589567,32,27211,24000,75,24.0,train,pretrain,
slakh/train_408.pt,slakh,Track00349,244.9821315192744,32,18374,24000,75,24.0,train,pretrain,
slakh/train_409.pt,slakh,Track00950,240.40780045351474,32,18031,24000,75,24.0,train,pretrain,
slakh/train_410.pt,slakh,Track01184,211.68471655328798,32,15877,24000,75,24.0,train,pretrain,
slakh/train_411.pt,slakh,Track00275,241.97514739229024,32,18149,24000,75,24.0,train,pretrain,
slakh/train_412.pt,slakh,Track00622,229.958820861678,32,17247,24000,75,24.0,train,pretrain,
slakh/train_413.pt,slakh,Track00984,322.31619047619046,32,24174,24000,75,24.0,train,pretrain,
slakh/train_414.pt,slakh,Track01264,280.45061224489797,32,21034,24000,75,24.0,train,pretrain,
slakh/train_415.pt,slakh,Track00265,230.3651700680272,32,17278,24000,75,24.0,train,pretrain,
slakh/train_416.pt,slakh,Track00573,211.0461678004535,32,15829,24000,75,24.0,train,pretrain,
slakh/train_417.pt,slakh,Track00420,300.26884353741497,32,22521,24000,75,24.0,train,pretrain,
slakh/train_418.pt,slakh,Track00754,294.7192743764172,32,22104,24000,75,24.0,train,pretrain,
slakh/train_419.pt,slakh,Track00519,243.00843537414966,32,18226,24000,75,24.0,train,pretrain,
slakh/train_420.pt,slakh,Track00726,238.21351473922903,32,17867,24000,75,24.0,train,pretrain,
slakh/train_421.pt,slakh,Track01193,236.88997732426304,32,17767,24000,75,24.0,val,pretrain,
slakh/train_422.pt,slakh,Track00901,233.97587301587302,32,17549,24000,75,24.0,train,pretrain,
slakh/train_423.pt,slakh,Track01057,175.2758276643991,32,13146,24000,75,24.0,train,pretrain,
slakh/train_424.pt,slakh,Track01004,155.00480725623584,32,11626,24000,75,24.0,train,pretrain,
slakh/train_425.pt,slakh,Track00952,241.56879818594103,32,18118,24000,75,24.0,train,pretrain,
slakh/train_426.pt,slakh,Track00276,155.65496598639456,32,11675,24000,75,24.0,train,pretrain,
slakh/train_427.pt,slakh,Track01488,224.04934240362812,32,16804,24000,75,24.0,train,pretrain,
slakh/train_428.pt,slakh,Track01471,256.1393197278912,32,19211,24000,75,24.0,train,pretrain,
slakh/train_429.pt,slakh,Track01070,347.48662131519274,32,26062,24000,75,24.0,train,pretrain,
slakh/train_430.pt,slakh,Track00446,190.84480725623584,32,14314,24000,75,24.0,train,pretrain,
slakh/train_431.pt,slakh,Track00489,252.02938775510205,32,18903,24000,75,24.0,train,pretrain,
slakh/train_432.pt,slakh,Track00819,214.7613605442177,32,16108,24000,75,24.0,train,pretrain,
slakh/train_433.pt,slakh,Track01229,193.4338321995465,32,14508,24000,75,24.0,train,pretrain,
slakh/train_434.pt,slakh,Track01254,241.29015873015874,32,18097,24000,75,24.0,val,pretrain,
slakh/train_435.pt,slakh,Track00587,312.1342403628118,32,23411,24000,75,24.0,train,pretrain,
slakh/train_436.pt,slakh,Track00443,339.45251700680274,32,25459,24000,75,24.0,train,pretrain,
slakh/train_437.pt,slakh,Track00698,193.31773242630385,32,14499,24000,75,24.0,train,pretrain,
slakh/train_438.pt,slakh,Track00855,249.5912925170068,32,18720,24000,75,24.0,train,pretrain,
slakh/train_439.pt,slakh,Track00113,214.64526077097506,32,16099,24000,75,24.0,train,pretrain,
slakh/train_440.pt,slakh,Track01037,209.36272108843536,32,15703,24000,75,24.0,train,pretrain,
slakh/train_441.pt,slakh,Track00415,326.90213151927435,32,24518,24000,75,24.0,train,pretrain,
slakh/train_442.pt,slakh,Track00004,232.59428571428572,32,17445,24000,75,24.0,train,pretrain,
slakh/train_443.pt,slakh,Track00677,240.39619047619047,32,18030,24000,75,24.0,train,pretrain,
slakh/train_444.pt,slakh,Track01454,350.00598639455785,32,26251,24000,75,24.0,val,pretrain,
slakh/train_445.pt,slakh,Track00291,215.4463492063492,32,16159,24000,75,24.0,train,pretrain,
slakh/train_446.pt,slakh,Track01135,180.76734693877552,32,13558,24000,75,24.0,train,pretrain,
slakh/train_447.pt,slakh,Track00501,281.90185941043086,32,21143,24000,75,24.0,train,pretrain,
slakh/train_448.pt,slakh,Track00119,208.67773242630386,32,15651,24000,75,24.0,train,pretrain,
slakh/train_449.pt,slakh,Track01178,225.721179138322,32,16930,24000,75,24.0,train,pretrain,
slakh/train_450.pt,slakh,Track00245,166.6380045351474,32,12498,24000,75,24.0,val,pretrain,
slakh/train_451.pt,slakh,Track00692,220.02068027210885,32,16502,24000,75,24.0,val,pretrain,
slakh/train_452.pt,slakh,Track00078,231.88607709750568,32,17392,24000,75,24.0,train,pretrain,
slakh/train_453.pt,slakh,Track01356,240.3845804988662,32,18029,24000,75,24.0,train,pretrain,
slakh/train_454.pt,slakh,Track00568,196.77750566893425,32,14759,24000,75,24.0,train,pretrain,
slakh/train_455.pt,slakh,Track01150,175.91437641723357,32,13194,24000,75,24.0,train,pretrain,
slakh/train_456.pt,slakh,Track01053,242.60208616780045,32,18196,24000,75,24.0,train,pretrain,
slakh/train_457.pt,slakh,Track00555,347.01061224489797,32,26026,24000,75,24.0,train,pretrain,
slakh/train_458.pt,slakh,Track01002,277.1649886621315,32,20788,24000,75,24.0,train,pretrain,
slakh/train_459.pt,slakh,Track00363,268.21369614512474,32,20117,24000,75,24.0,train,pretrain,
slakh/train_460.pt,slakh,Track00410,255.07120181405895,32,19131,24000,75,24.0,train,pretrain,
slakh/train_461.pt,slakh,Track00940,162.92281179138322,32,12220,24000,75,24.0,train,pretrain,
slakh/train_462.pt,slakh,Track00201,226.01142857142858,32,16951,24000,75,24.0,train,pretrain,
slakh/train_463.pt,slakh,Track00769,160.3570068027211,32,12027,24000,75,24.0,val,pretrain,
slakh/train_464.pt,slakh,Track00178,177.23791383219955,32,13293,24000,75,24.0,train,pretrain,
slakh/train_465.pt,slakh,Track00946,149.8964172335601,32,11243,24000,75,24.0,train,pretrain,
slakh/train_466.pt,slakh,Track00871,199.59873015873015,32,14970,24000,75,24.0,train,pretrain,
slakh/train_467.pt,slakh,Track01159,291.398820861678,32,21855,24000,75,24.0,train,pretrain,
slakh/train_468.pt,slakh,Track01332,198.0778231292517,32,14856,24000,75,24.0,train,pretrain,
slakh/train_469.pt,slakh,Track00578,205.63591836734693,32,15423,24000,75,24.0,train,pretrain,
slakh/train_470.pt,slakh,Track00109,245.34204081632652,32,18401,24000,75,24.0,train,pretrain,
slakh/train_471.pt,slakh,Track01355,192.14512471655328,32,14411,24000,75,24.0,train,pretrain,
slakh/train_472.pt,slakh,Track00839,206.785306122449,32,15509,24000,75,24.0,train,pretrain,
slakh/train_473.pt,slakh,Track01006,368.40780045351477,32,27631,24000,75,24.0,train,pretrain,
slakh/train_474.pt,slakh,Track00385,202.76825396825396,32,15208,24000,75,24.0,train,pretrain,
slakh/train_475.pt,slakh,Track01397,192.3308843537415,32,14425,24000,75,24.0,train,pretrain,
slakh/train_476.pt,slakh,Track00684,272.56743764172336,32,20443,24000,75,24.0,train,pretrain,
slakh/train_477.pt,slakh,Track00396,207.9114739229025,32,15594,24000,75,24.0,train,pretrain,
slakh/train_478.pt,slakh,Track00752,270.8839909297052,32,20317,24000,75,24.0,train,pretrain,
slakh/train_479.pt,slakh,Track01480,223.09732426303856,32,16733,24000,75,24.0,train,pretrain,
slakh/train_480.pt,slakh,Track00084,419.1550113378685,32,31437,24000,75,24.0,train,pretrain,
slakh/train_481.pt,slakh,Track01303,142.15256235827664,32,10662,24000,75,24.0,train,pretrain,
slakh/train_482.pt,slakh,Track01485,279.23156462585035,32,20943,24000,75,24.0,train,pretrain,
slakh/train_483.pt,slakh,Track01458,185.00498866213152,32,13876,24000,75,24.0,train,pretrain,
slakh/train_484.pt,slakh,Track00461,229.7730612244898,32,17233,24000,75,24.0,train,pretrain,
slakh/train_485.pt,slakh,Track00338,269.9087528344671,32,20244,24000,75,24.0,train,pretrain,
slakh/train_486.pt,slakh,Track00216,222.95800453514738,32,16722,24000,75,24.0,train,pretrain,
slakh/train_487.pt,slakh,Track00333,274.16961451247164,32,20563,24000,75,24.0,train,pretrain,
slakh/train_488.pt,slakh,Track00808,231.88607709750568,32,17392,24000,75,24.0,train,pretrain,
slakh/train_489.pt,slakh,Track01359,244.13460317460317,32,18311,24000,75,24.0,val,pretrain,
slakh/train_490.pt,slakh,Track01386,216.94403628117914,32,16271,24000,75,24.0,val,pretrain,
slakh/train_491.pt,slakh,Track01217,254.37460317460318,32,19079,24000,75,24.0,train,pretrain,
slakh/train_492.pt,slakh,Track01125,272.2655782312925,32,20420,24000,75,24.0,train,pretrain,
slakh/train_493.pt,slakh,Track00252,214.45950113378686,32,16085,24000,75,24.0,train,pretrain,
slakh/train_494.pt,slakh,Track00657,241.95192743764173,32,18147,24000,75,24.0,train,pretrain,
slakh/train_495.pt,slakh,Track00783,240.7328798185941,32,18055,24000,75,24.0,val,pretrain,
slakh/train_496.pt,slakh,Track01005,269.5024036281179,32,20213,24000,75,24.0,train,pretrain,
slakh/train_497.pt,slakh,Track00344,211.80081632653062,32,15886,24000,75,24.0,train,pretrain,
slakh/train_498.pt,slakh,Track00527,321.7008616780045,32,24128,24000,75,24.0,train,pretrain,
slakh/train_499.pt,slakh,Track00782,238.80562358276643,32,17911,24000,75,24.0,val,pretrain,
slakh/train_500.pt,slakh,Track00341,231.88607709750568,32,17392,24000,75,24.0,train,pretrain,
slakh/train_501.pt,slakh,Track01136,274.5411337868481,32,20591,24000,75,24.0,train,pretrain,
slakh/train_502.pt,slakh,Track00755,179.2,32,13440,24000,75,24.0,train,pretrain,
slakh/train_503.pt,slakh,Track01097,235.5548299319728,32,17667,24000,75,24.0,train,pretrain,
slakh/train_504.pt,slakh,Track00144,165.0009977324263,32,12376,24000,75,24.0,train,pretrain,
slakh/train_505.pt,slakh,Track00538,290.8763718820862,32,21816,24000,75,24.0,train,pretrain,
slakh/train_506.pt,slakh,Track00354,257.42802721088435,32,19308,24000,75,24.0,train,pretrain,
slakh/train_507.pt,slakh,Track00562,141.61850340136056,32,10622,24000,75,24.0,val,pretrain,
slakh/train_508.pt,slakh,Track00658,277.1765986394558,32,20789,24000,75,24.0,train,pretrain,
slakh/train_509.pt,slakh,Track01108,175.5892970521542,32,13170,24000,75,24.0,train,pretrain,
slakh/train_510.pt,slakh,Track00900,264.3591836734694,32,19827,24000,75,24.0,val,pretrain,
slakh/train_511.pt,slakh,Track01434,261.36380952380955,32,19603,24000,75,24.0,train,pretrain,
slakh/train_512.pt,slakh,Track00235,430.9391383219955,32,32321,24000,75,24.0,train,pretrain,
slakh/train_513.pt,slakh,Track01281,235.00916099773244,32,17626,24000,75,24.0,train,pretrain,
slakh/train_514.pt,slakh,Track00013,222.19174603174602,32,16665,24000,75,24.0,train,pretrain,
slakh/train_515.pt,slakh,Track00382,221.03074829931973,32,16578,24000,75,24.0,train,pretrain,
slakh/train_516.pt,slakh,Track00576,304.9708843537415,32,22873,24000,75,24.0,train,pretrain,
slakh/train_517.pt,slakh,Track00074,223.34113378684808,32,16751,24000,75,24.0,train,pretrain,
slakh/train_518.pt,slakh,Track01360,193.3990022675737,32,14505,24000,75,24.0,train,pretrain,
slakh/train_519.pt,slakh,Track01112,255.29179138321996,32,19147,24000,75,24.0,train,pretrain,
slakh/train_520.pt,slakh,Track00289,188.36027210884353,32,14128,24000,75,24.0,train,pretrain,
slakh/train_521.pt,slakh,Track00157,110.21351473922903,32,8267,24000,75,24.0,train,pretrain,
slakh/train_522.pt,slakh,Track00207,233.27927437641722,32,17496,24000,75,24.0,train,pretrain,
slakh/train_523.pt,slakh,Track01031,244.04172335600907,32,18304,24000,75,24.0,train,pretrain,
slakh/train_524.pt,slakh,Track01050,185.00498866213152,32,13876,24000,75,24.0,train,pretrain,
slakh/train_525.pt,slakh,Track00192,231.6538775510204,32,17375,24000,75,24.0,train,pretrain,
slakh/train_526.pt,slakh,Track00281,243.37995464852608,32,18254,24000,75,24.0,train,pretrain,
slakh/train_527.pt,slakh,Track00345,216.08489795918368,32,16207,24000,75,24.0,train,pretrain,
slakh/train_528.pt,slakh,Track00431,350.6793650793651,32,26301,24000,75,24.0,train,pretrain,
slakh/train_529.pt,slakh,Track01049,276.7702494331066,32,20758,24000,75,24.0,train,pretrain,
slakh/train_530.pt,slakh,Track00101,167.16045351473923,32,12538,24000,75,24.0,train,pretrain,
slakh/train_531.pt,slakh,Track01041,226.0926984126984,32,16957,24000,75,24.0,val,pretrain,
slakh/train_532.pt,slakh,Track00243,245.42331065759637,32,18407,24000,75,24.0,train,pretrain,
slakh/train_533.pt,slakh,Track00050,260.96907029478456,32,19573,24000,75,24.0,train,pretrain,
slakh/train_534.pt,slakh,Track00111,296.72780045351476,32,22255,24000,75,24.0,train,pretrain,
slakh/train_535.pt,slakh,Track01201,354.3365079365079,32,26576,24000,75,24.0,train,pretrain,
slakh/train_536.pt,slakh,Track00898,358.5277097505669,32,26890,24000,75,24.0,train,pretrain,
slakh/train_537.pt,slakh,Track00807,272.70675736961454,32,20454,24000,75,24.0,train,pretrain,
slakh/train_538.pt,slakh,Track00853,132.56272108843538,32,9943,24000,75,24.0,val,pretrain,
slakh/train_539.pt,slakh,Track00729,230.88761904761904,32,17317,24000,75,24.0,val,pretrain,
slakh/train_540.pt,slakh,Track01393,212.35809523809525,32,15927,24000,75,24.0,train,pretrain,
slakh/train_541.pt,slakh,Track01367,225.51219954648525,32,16914,24000,75,24.0,train,pretrain,
slakh/train_542.pt,slakh,Track01399,187.90748299319728,32,14094,24000,75,24.0,train,pretrain,
slakh/train_543.pt,slakh,Track00589,202.7914739229025,32,15210,24000,75,24.0,train,pretrain,
slakh/train_544.pt,slakh,Track00263,349.8898866213152,32,26242,24000,75,24.0,val,pretrain,
slakh/train_545.pt,slakh,Track00582,243.55410430839,32,18267,24000,75,24.0,train,pretrain,
slakh/train_546.pt,slakh,Track00779,233.6043537414966,32,17521,24000,75,24.0,train,pretrain,
slakh/train_547.pt,slakh,Track01413,147.818231292517,32,11087,24000,75,24.0,train,pretrain,
slakh/train_548.pt,slakh,Track00993,182.48562358276644,32,13687,24000,75,24.0,train,pretrain,
slakh/train_549.pt,slakh,Track00985,307.81532879818593,32,23087,24000,75,24.0,train,pretrain,
slakh/train_550.pt,slakh,Track00746,214.7613605442177,32,16108,24000,75,24.0,train,pretrain,
slakh/train_551.pt,slakh,Track00745,310.76426303854873,32,23308,24000,75,24.0,train,pretrain,
slakh/train_552.pt,slakh,Track00876,273.75165532879817,32,20532,24000,75,24.0,train,pretrain,
slakh/train_553.pt,slakh,Track01203,398.66340136054424,32,29900,24000,75,24.0,train,pretrain,
slakh/train_554.pt,slakh,Track01126,381.3297052154195,32,28600,24000,75,24.0,train,pretrain,
slakh/train_555.pt,slakh,Track01288,179.36253968253968,32,13453,24000,75,24.0,train,pretrain,
slakh/train_556.pt,slakh,Track01418,383.79102040816326,32,28785,24000,75,24.0,train,pretrain,
slakh/train_557.pt,slakh,Track00313,325.81079365079364,32,24436,24000,75,24.0,train,pretrain,
slakh/train_558.pt,slakh,Track01084,244.92408163265307,32,18370,24000,75,24.0,train,pretrain,
slakh/train_559.pt,slakh,Track00309,226.13913832199546,32,16961,24000,75,24.0,train,pretrain,
slakh/train_560.pt,slakh,Track00852,288.53115646258505,32,21640,24000,75,24.0,train,pretrain,
slakh/train_561.pt,slakh,Track00601,265.2067120181406,32,19891,24000,75,24.0,train,pretrain,
slakh/train_562.pt,slakh,Track00835,275.7834013605442,32,20684,24000,75,24.0,train,pretrain,
slakh/train_563.pt,slakh,Track00306,227.59038548752835,32,17070,24000,75,24.0,train,pretrain,
slakh/train_564.pt,slakh,Track00723,250.98448979591836,32,18824,24000,75,24.0,train,pretrain,
slakh/train_565.pt,slakh,Track00389,215.34185941043083,32,16151,24000,75,24.0,train,pretrain,
slakh/train_566.pt,slakh,Track00614,342.08798185941043,32,25657,24000,75,24.0,train,pretrain,
slakh/train_567.pt,slakh,Track00570,462.390566893424,32,34680,24000,75,24.0,train,pretrain,
slakh/train_568.pt,slakh,Track00229,226.13913832199546,32,16961,24000,75,24.0,train,pretrain,
slakh/train_569.pt,slakh,Track00665,226.2552380952381,32,16970,24000,75,24.0,train,pretrain,
slakh/train_570.pt,slakh,Track01115,212.43936507936507,32,15933,24000,75,24.0,train,pretrain,
slakh/train_571.pt,slakh,Track00314,219.9974603174603,32,16500,24000,75,24.0,train,pretrain,
slakh/train_572.pt,slakh,Track00434,210.79074829931972,32,15810,24000,75,24.0,train,pretrain,
slakh/train_573.pt,slakh,Track00836,221.55319727891157,32,16617,24000,75,24.0,val,pretrain,
slakh/train_574.pt,slakh,Track00888,401.2756462585034,32,30096,24000,75,24.0,train,pretrain,
slakh/train_575.pt,slakh,Track00196,226.92861678004536,32,17020,24000,75,24.0,val,pretrain,
slakh/train_576.pt,slakh,Track00046,228.06639455782312,32,17105,24000,75,24.0,train,pretrain,
slakh/train_577.pt,slakh,Track00813,213.8093424036281,32,16036,24000,75,24.0,train,pretrain,
slakh/train_578.pt,slakh,Track00150,295.3926530612245,32,22155,24000,75,24.0,train,pretrain,
slakh/train_579.pt,slakh,Track00561,270.4660317460318,32,20285,24000,75,24.0,train,pretrain,
slakh/train_580.pt,slakh,Track00881,251.04253968253968,32,18829,24000,75,24.0,train,pretrain,
slakh/train_581.pt,slakh,Track00083,188.6273015873016,32,14148,24000,75,24.0,train,pretrain,
slakh/train_582.pt,slakh,Track00287,241.09278911564627,32,18082,24000,75,24.0,train,pretrain,
slakh/train_583.pt,slakh,Track01301,275.2145124716553,32,20642,24000,75,24.0,train,pretrain,
slakh/train_584.pt,slakh,Track00075,293.9530158730159,32,22047,24000,75,24.0,train,pretrain,
slakh/train_585.pt,slakh,Track01351,245.92253968253968,32,18445,24000,75,24.0,train,pretrain,
slakh/train_586.pt,slakh,Track00712,196.9168253968254,32,14769,24000,75,24.0,train,pretrain,
slakh/train_587.pt,slakh,Track01250,217.72190476190477,32,16330,24000,75,24.0,train,pretrain,
slakh/train_588.pt,slakh,Track00701,241.06956916099773,32,18081,24000,75,24.0,train,pretrain,
slakh/train_589.pt,slakh,Track00375,184.16907029478458,32,13813,24000,75,24.0,train,pretrain,
slakh/train_590.pt,slakh,Track00005,247.15319727891156,32,18537,24000,75,24.0,train,pretrain,
slakh/train_591.pt,slakh,Track00831,214.7613605442177,32,16108,24000,75,24.0,train,pretrain,
slakh/train_592.pt,slakh,Track00549,208.84027210884355,32,15664,24000,75,24.0,train,pretrain,
slakh/train_593.pt,slakh,Track00053,217.76834467120182,32,16333,24000,75,24.0,train,pretrain,
slakh/train_594.pt,slakh,Track00442,179.86176870748298,32,13490,24000,75,24.0,train,pretrain,
slakh/train_595.pt,slakh,Track00136,279.2199546485261,32,20942,24000,75,24.0,train,pretrain,
slakh/train_596.pt,slakh,Track00753,196.05768707482994,32,14705,24000,75,24.0,train,pretrain,
slakh/train_597.pt,slakh,Track00183,212.79927437641723,32,15960,24000,75,24.0,train,pretrain,
slakh/train_598.pt,slakh,Track01059,239.06104308390022,32,17930,24000,75,24.0,train,pretrain,
slakh/train_599.pt,slakh,Track00254,232.5362358276644,32,17441,24000,75,24.0,train,pretrain,
slakh/train_600.pt,slakh,Track00526,308.56997732426305,32,23143,24000,75,24.0,train,pretrain,
slakh/train_601.pt,slakh,Track01379,262.28099773242633,32,19672,24000,75,24.0,train,pretrain,
slakh/train_602.pt,slakh,Track00892,304.5180952380952,32,22839,24000,75,24.0,val,pretrain,
slakh/train_603.pt,slakh,Track00606,328.66684807256235,32,24651,24000,75,24.0,train,pretrain,
slakh/train_604.pt,slakh,Track00749,228.99519274376416,32,17175,24000,75,24.0,train,pretrain,
slakh/train_605.pt,slakh,Track00743,205.67074829931974,32,15426,24000,75,24.0,train,pretrain,
slakh/train_606.pt,slakh,Track00803,203.11655328798187,32,15234,24000,75,24.0,train,pretrain,
slakh/train_607.pt,slakh,Track00864,241.82421768707482,32,18137,24000,75,24.0,train,pretrain,
slakh/train_608.pt,slakh,Track01167,248.07038548752834,32,18606,24000,75,24.0,train,pretrain,
slakh/train_609.pt,slakh,Track00710,184.40126984126985,32,13831,24000,75,24.0,train,pretrain,
slakh/train_610.pt,slakh,Track00009,160.62403628117914,32,12047,24000,75,24.0,train,pretrain,
slakh/train_611.pt,slakh,Track00172,273.0086167800454,32,20476,24000,75,24.0,train,pretrain,
slakh/train_612.pt,slakh,Track00369,296.00798185941045,32,22201,24000,75,24.0,val,pretrain,
slakh/train_613.pt,slakh,Track01146,287.3237188208617,32,21550,24000,75,24.0,train,pretrain,
slakh/train_614.pt,slakh,Track00227,132.38857142857142,32,9930,24000,75,24.0,train,pretrain,
slakh/train_615.pt,slakh,Track01452,167.0791836734694,32,12531,24000,75,24.0,val,pretrain,
slakh/train_616.pt,slakh,Track00577,207.16843537414965,32,15538,24000,75,24.0,train,pretrain,
slakh/train_617.pt,slakh,Track00911,236.26303854875283,32,17720,24000,75,24.0,train,pretrain,
slakh/train_618.pt,slakh,Track00397,261.7121088435374,32,19629,24000,75,24.0,train,pretrain,
slakh/train_619.pt,slakh,Track01165,255.5936507936508,32,19170,24000,75,24.0,train,pretrain,
slakh/train_620.pt,slakh,Track00303,303.63573696145124,32,22773,24000,75,24.0,train,pretrain,
slakh/train_621.pt,slakh,Track00052,174.8578684807256,32,13115,24000,75,24.0,train,pretrain,
slakh/train_622.pt,slakh,Track00543,254.03791383219954,32,19053,24000,75,24.0,train,pretrain,
slakh/train_623.pt,slakh,Track00932,258.9953741496599,32,19425,24000,75,24.0,train,pretrain,
slakh/train_624.pt,slakh,Track00805,172.80290249433108,32,12961,24000,75,24.0,train,pretrain,
slakh/train_625.pt,slakh,Track00542,209.2930612244898,32,15697,24000,75,24.0,train,pretrain,
slakh/train_626.pt,slakh,Track01382,209.62975056689342,32,15723,24000,75,24.0,train,pretrain,
slakh/train_627.pt,slakh,Track00607,266.9249886621315,32,20020,24000,75,24.0,train,pretrain,
slakh/train_628.pt,slakh,Track00073,339.18548752834465,32,25439,24000,75,24.0,val,pretrain,
slakh/train_629.pt,slakh,Track01487,188.5344217687075,32,14141,24000,75,24.0,train,pretrain,
slakh/train_630.pt,slakh,Track00978,208.84027210884355,32,15664,24000,75,24.0,train,pretrain,
slakh/train_631.pt,slakh,Track01324,278.7439455782313,32,20906,24000,75,24.0,val,pretrain,
slakh/train_632.pt,slakh,Track00633,226.64997732426303,32,16999,24000,75,24.0,train,pretrain,
slakh/train_633.pt,slakh,Track00377,157.30358276643992,32,11798,24000,75,24.0,train,pretrain,
slakh/train_634.pt,slakh,Track01202,286.3833106575964,32,21479,24000,75,24.0,train,pretrain,
slakh/train_635.pt,slakh,Track00624,277.8964172335601,32,20843,24000,75,24.0,train,pretrain,
slakh/train_636.pt,slakh,Track00231,219.50984126984127,32,16464,24000,75,24.0,train,pretrain,
slakh/train_637.pt,slakh,Track01274,242.11446712018142,32,18159,24000,75,24.0,train,pretrain,
slakh/train_638.pt,slakh,Track01077,295.47392290249434,32,22161,24000,75,24.0,train,pretrain,
slakh/train_639.pt,slakh,Track00801,195.52362811791383,32,14665,24000,75,24.0,train,pretrain,
slakh/train_640.pt,slakh,Track00870,235.27619047619046,32,17646,24000,75,24.0,val,pretrain,
slakh/train_641.pt,slakh,Track00423,248.07038548752834,32,18606,24000,75,24.0,train,pretrain,
slakh/train_642.pt,slakh,Track01300,301.3485714285714,32,22602,24000,75,24.0,train,pretrain,
slakh/train_643.pt,slakh,Track01128,270.6866213151927,32,20302,24000,75,24.0,train,pretrain,
slakh/train_644.pt,slakh,Track00905,182.5901133786848,32,13695,24000,75,24.0,val,pretrain,
slakh/train_645.pt,slakh,Track00707,217.76834467120182,32,16333,24000,75,24.0,train,pretrain,
slakh/train_646.pt,slakh,Track00440,271.2322902494331,32,20343,24000,75,24.0,train,pretrain,
slakh/train_647.pt,slakh,Track01405,220.74049886621316,32,16556,24000,75,24.0,val,pretrain,
slakh/train_648.pt,slakh,Track00894,468.21877551020407,32,35117,24000,75,24.0,train,pretrain,
slakh/train_649.pt,slakh,Track00179,219.91619047619048,32,16494,24000,75,24.0,val,pretrain,
slakh/train_650.pt,slakh,Track01437,251.20507936507937,32,18841,24000,75,24.0,train,pretrain,
slakh/train_651.pt,slakh,Track00449,256.06965986394556,32,19206,24000,75,24.0,train,pretrain,
slakh/train_652.pt,slakh,Track00376,326.80925170068025,32,24511,24000,75,24.0,train,pretrain,
slakh/train_653.pt,slakh,Track00760,213.4029931972789,32,16006,24000,75,24.0,train,pretrain,
slakh/train_654.pt,slakh,Track00949,257.24226757369615,32,19294,24000,75,24.0,train,pretrain,
slakh/train_655.pt,slakh,Track00597,263.6277551020408,32,19773,24000,75,24.0,train,pretrain,
slakh/train_656.pt,slakh,Track01339,254.8041723356009,32,19111,24000,75,24.0,val,pretrain,
slakh/train_657.pt,slakh,Track01285,259.7151927437642,32,19479,24000,75,24.0,train,pretrain,
slakh/train_658.pt,slakh,Track00428,281.90185941043086,32,21143,24000,75,24.0,train,pretrain,
slakh/train_659.pt,slakh,Track00069,203.55773242630386,32,15267,24000,75,24.0,train,pretrain,
slakh/train_660.pt,slakh,Track00673,312.87727891156464,32,23466,24000,75,24.0,train,pretrain,
slakh/train_661.pt,slakh,Track01208,187.73333333333332,32,14080,24000,75,24.0,train,pretrain,
slakh/train_662.pt,slakh,Track01426,268.887074829932,32,20167,24000,75,24.0,train,pretrain,
slakh/train_663.pt,slakh,Track00730,172.28045351473924,32,12922,24000,75,24.0,train,pretrain,
slakh/train_664.pt,slakh,Track01236,217.33877551020407,32,16301,24000,75,24.0,train,pretrain,
slakh/train_665.pt,slakh,Track00260,242.25378684807256,32,18170,24000,75,24.0,train,pretrain,
slakh/train_666.pt,slakh,Track00126,226.81251700680272,32,17011,24000,75,24.0,val,pretrain,
slakh/train_667.pt,slakh,Track00188,239.5138321995465,32,17964,24000,75,24.0,train,pretrain,
slakh/train_668.pt,slakh,Track01369,232.3736961451247,32,17429,24000,75,24.0,train,pretrain,
slakh/train_669.pt,slakh,Track01073,241.22049886621315,32,18092,24000,75,24.0,train,pretrain,
slakh/train_670.pt,slakh,Track00967,166.77732426303854,32,12509,24000,75,24.0,train,pretrain,
slakh/train_671.pt,slakh,Track00210,262.3506575963719,32,19677,24000,75,24.0,train,pretrain,
slakh/train_672.pt,slakh,Track00496,341.4378231292517,32,25608,24000,75,24.0,train,pretrain,
slakh/train_673.pt,slakh,Track00120,282.58684807256236,32,21195,24000,75,24.0,train,pretrain,
slakh/train_674.pt,slakh,Track00020,347.7536507936508,32,26082,24000,75,24.0,val,pretrain,
slakh/train_675.pt,slakh,Track00696,251.3792290249433,32,18854,24000,75,24.0,train,pretrain,
slakh/train_676.pt,slakh,Track00477,192.91138321995464,32,14469,24000,75,24.0,train,pretrain,
slakh/train_677.pt,slakh,Track00312,61.82312925170068,32,4637,24000,75,24.0,train,pretrain,
slakh/train_678.pt,slakh,Track01491,214.99356009070294,32,16125,24000,75,24.0,train,pretrain,
slakh/train_679.pt,slakh,Track00880,258.69351473922904,32,19403,24000,75,24.0,val,pretrain,
slakh/train_680.pt,slakh,Track01362,281.9715192743764,32,21148,24000,75,24.0,train,pretrain,
slakh/train_681.pt,slakh,Track00417,201.37505668934241,32,15104,24000,75,24.0,train,pretrain,
slakh/train_682.pt,slakh,Track00510,215.80625850340135,32,16186,24000,75,24.0,train,pretrain,
slakh/train_683.pt,slakh,Track00319,305.9112925170068,32,22944,24000,75,24.0,train,pretrain,
slakh/train_684.pt,slakh,Track01102,256.1393197278912,32,19211,24000,75,24.0,train,pretrain,
slakh/train_685.pt,slakh,Track01375,268.7245351473923,32,20155,24000,75,24.0,train,pretrain,
slakh/train_686.pt,slakh,Track00882,292.02575963718823,32,21902,24000,75,24.0,train,pretrain,
slakh/train_687.pt,slakh,Track01262,166.05750566893425,32,12455,24000,75,24.0,train,pretrain,
slakh/train_688.pt,slakh,Track00475,197.92689342403628,32,14845,24000,75,24.0,train,pretrain,
slakh/train_689.pt,slakh,Track00923,298.8059863945578,32,22411,24000,75,24.0,val,pretrain,
slakh/train_690.pt,slakh,Track01497,173.20925170068028,32,12991,24000,75,24.0,train,pretrain,
slakh/train_691.pt,slakh,Track01408,271.4877097505669,32,20362,24000,75,24.0,train,pretrain,
slakh/train_692.pt,slakh,Track00907,226.29006802721088,32,16972,24000,75,24.0,train,pretrain,
slakh/train_693.pt,slakh,Track00032,222.05242630385487,32,16654,24000,75,24.0,train,pretrain,
slakh/train_694.pt,slakh,Track01457,218.48816326530613,32,16387,24000,75,24.0,train,pretrain,
slakh/train_695.pt,slakh,Track00012,307.74566893424037,32,23081,24000,75,24.0,train,pretrain,
slakh/train_696.pt,slakh,Track00099,306.49179138321995,32,22987,24000,75,24.0,train,pretrain,
slakh/train_697.pt,slakh,Track01266,213.85578231292516,32,16040,24000,75,24.0,train,pretrain,
slakh/train_698.pt,slakh,Track00976,251.1934693877551,32,18840,24000,75,24.0,train,pretrain,
slakh/train_699.pt,slakh,Track00186,265.8452607709751,32,19939,24000,75,24.0,train,pretrain,
slakh/train_700.pt,slakh,Track00854,462.4021768707483,32,34681,24000,75,24.0,train,pretrain,
slakh/train_701.pt,slakh,Track01322,241.19727891156464,32,18090,24000,75,24.0,train,pretrain,
slakh/train_702.pt,slakh,Track00734,45.72009070294784,32,3430,24000,75,24.0,train,pretrain,
slakh/train_703.pt,slakh,Track00890,284.3283446712018,32,21325,24000,75,24.0,val,pretrain,
slakh/train_704.pt,slakh,Track00279,215.91074829931972,32,16194,24000,75,24.0,train,pretrain,
slakh/train_705.pt,slakh,Track00472,293.9530158730159,32,22047,24000,75,24.0,train,pretrain,
slakh/train_706.pt,slakh,Track00798,243.02004535147393,32,18227,24000,75,24.0,train,pretrain,
slakh/train_707.pt,slakh,Track01483,239.2235827664399,32,17942,24000,75,24.0,train,pretrain,
slakh/train_708.pt,slakh,Track00563,270.5008616780045,32,20288,24000,75,24.0,train,pretrain,
slakh/train_709.pt,slakh,Track00098,309.61487528344674,32,23222,24000,75,24.0,train,pretrain,
slakh/train_710.pt,slakh,Track00817,274.8081632653061,32,20611,24000,75,24.0,train,pretrain,
slakh/train_711.pt,slakh,Track00583,180.50031746031746,32,13538,24000,75,24.0,train,pretrain,
slakh/train_712.pt,slakh,Track00530,356.1708843537415,32,26713,24000,75,24.0,train,pretrain,
slakh/train_713.pt,slakh,Track01124,245.05179138321995,32,18379,24000,75,24.0,train,pretrain,
slakh/train_714.pt,slakh,Track00380,296.4956009070295,32,22238,24000,75,24.0,train,pretrain,
slakh/train_715.pt,slakh,Track00258,249.03401360544217,32,18678,24000,75,24.0,train,pretrain,
slakh/train_716.pt,slakh,Track00180,241.27854875283447,32,18096,24000,75,24.0,train,pretrain,
slakh/train_717.pt,slakh,Track00189,187.26893424036282,32,14046,24000,75,24.0,train,pretrain,
slakh/train_718.pt,slakh,Track01104,156.47927437641724,32,11736,24000,75,24.0,train,pretrain,
slakh/train_719.pt,slakh,Track01190,166.12716553287981,32,12460,24000,75,24.0,train,pretrain,
slakh/train_720.pt,slakh,Track00909,258.92571428571426,32,19420,24000,75,24.0,train,pretrain,
slakh/train_721.pt,slakh,Track00970,215.93396825396826,32,16196,24000,75,24.0,train,pretrain,
slakh/train_722.pt,slakh,Track01321,205.15990929705217,32,15387,24000,75,24.0,train,pretrain,
slakh/train_723.pt,slakh,Track00285,282.0063492063492,32,21151,24000,75,24.0,train,pretrain,
slakh/train_724.pt,slakh,Track01036,333.34566893424034,32,25001,24000,75,24.0,train,pretrain,
slakh/train_725.pt,slakh,Track01415,217.00208616780046,32,16276,24000,75,24.0,train,pretrain,
slakh/train_726.pt,slakh,Track01251,114.98521541950113,32,8624,24000,75,24.0,train,pretrain,
slakh/train_727.pt,slakh,Track00492,193.75891156462586,32,14532,24000,75,24.0,train,pretrain,
slakh/train_728.pt,slakh,Track00351,235.78702947845804,32,17685,24000,75,24.0,train,pretrain,
slakh/train_729.pt,slakh,Track00203,303.17133786848075,32,22738,24000,75,24.0,train,pretrain,
slakh/train_730.pt,slakh,Track00594,323.662947845805,32,24275,24000,75,24.0,val,pretrain,
slakh/train_731.pt,slakh,Track00072,296.518820861678,32,22239,24000,75,24.0,val,pretrain,
slakh/train_732.pt,slakh,Track00588,236.78548752834467,32,17759,24000,75,24.0,val,pretrain,
slakh/train_733.pt,slakh,Track00082,221.03074829931973,32,16578,24000,75,24.0,train,pretrain,
slakh/train_734.pt,slakh,Track00325,306.7239909297052,32,23005,24000,75,24.0,val,pretrain,
slakh/train_735.pt,slakh,Track00213,241.19727891156464,32,18090,24000,75,24.0,train,pretrain,
slakh/train_736.pt,slakh,Track00411,168.2053514739229,32,12616,24000,75,24.0,val,pretrain,
slakh/train_737.pt,slakh,Track01001,39.43909297052154,32,2958,24000,75,24.0,train,pretrain,
slakh/train_738.pt,slakh,Track00834,283.59691609977324,32,21270,24000,75,24.0,val,pretrain,
slakh/train_739.pt,slakh,Track00304,251.20507936507937,32,18841,24000,75,24.0,train,pretrain,
slakh/train_740.pt,slakh,Track00765,243.00843537414966,32,18226,24000,75,24.0,train,pretrain,
slakh/train_741.pt,slakh,Track00463,263.6277551020408,32,19773,24000,75,24.0,train,pretrain,
slakh/train_742.pt,slakh,Track00152,212.45097505668934,32,15934,24000,75,24.0,train,pretrain,
slakh/train_743.pt,slakh,Track00792,374.5262585034014,32,28090,24000,75,24.0,train,pretrain,
slakh/train_744.pt,slakh,Track00190,197.28834467120183,32,14797,24000,75,24.0,train,pretrain,
slakh/train_745.pt,slakh,Track01048,275.80662131519273,32,20686,24000,75,24.0,train,pretrain,
slakh/train_746.pt,slakh,Track00524,125.41097505668934,32,9406,24000,75,24.0,train,pretrain,
slakh/train_747.pt,slakh,Track01232,284.3863945578231,32,21329,24000,75,24.0,train,pretrain,
slakh/train_748.pt,slakh,Track01277,296.37950113378685,32,22229,24000,75,24.0,train,pretrain,
slakh/train_749.pt,slakh,Track01366,234.4518820861678,32,17584,24000,75,24.0,train,pretrain,
slakh/train_750.pt,slakh,Track00869,299.7115646258503,32,22479,24000,75,24.0,val,pretrain,
slakh/train_751.pt,slakh,Track01017,212.85732426303855,32,15965,24000,75,24.0,train,pretrain,
slakh/train_752.pt,slakh,Track00413,183.07773242630387,32,13731,24000,75,24.0,train,pretrain,
slakh/train_753.pt,slakh,Track00199,265.5550113378685,32,19917,24000,75,24.0,train,pretrain,
slakh/train_754.pt,slakh,Track00511,245.0750113378685,32,18381,24000,75,24.0,train,pretrain,
slakh/train_755.pt,slakh,Track00727,218.53460317460318,32,16391,24000,75,24.0,train,pretrain,
slakh/train_756.pt,slakh,Track00173,195.92997732426304,32,14695,24000,75,24.0,train,pretrain,
slakh/train_757.pt,slakh,Track01376,263.95283446712017,32,19797,24000,75,24.0,train,pretrain,
slakh/train_758.pt,slakh,Track00021,180.76734693877552,32,13558,24000,75,24.0,train,pretrain,
slakh/train_759.pt,slakh,Track00979,309.8702947845805,32,23241,24000,75,24.0,train,pretrain,
slakh/train_760.pt,slakh,Track01245,212.85732426303855,32,15965,24000,75,24.0,train,pretrain,
slakh/train_761.pt,slakh,Track00058,248.77859410430838,32,18659,24000,75,24.0,train,pretrain,
slakh/train_762.pt,slakh,Track00955,230.8063492063492,32,17311,24000,75,24.0,train,pretrain,
slakh/train_763.pt,slakh,Track00122,218.6855328798186,32,16402,24000,75,24.0,train,pretrain,
slakh/train_764.pt,slakh,Track00027,255.95356009070295,32,19197,24000,75,24.0,train,pretrain,
slakh/train_765.pt,slakh,Track00667,186.57233560090702,32,13993,24000,75,24.0,train,pretrain,
slakh/train_766.pt,slakh,Track00986,197.92689342403628,32,14845,24000,75,24.0,train,pretrain,
slakh/train_767.pt,slakh,Track01196,293.83691609977325,32,22038,24000,75,24.0,train,pretrain,
slakh/train_768.pt,slakh,Track01439,322.07238095238097,32,24156,24000,75,24.0,train,pretrain,
slakh/train_769.pt,slakh,Track00453,258.9953741496599,32,19425,24000,75,24.0,val,pretrain,
slakh/train_770.pt,slakh,Track00051,231.88607709750568,32,17392,24000,75,24.0,train,pretrain,
slakh/train_771.pt,slakh,Track00103,269.3863038548753,32,20204,24000,75,24.0,train,pretrain,
slakh/train_772.pt,slakh,Track00208,278.66267573696143,32,20900,24000,75,24.0,train,pretrain,
slakh/train_773.pt,slakh,Track01045,249.80027210884353,32,18736,24000,75,24.0,val,pretrain,
slakh/train_774.pt,slakh,Track00318,201.66530612244898,32,15125,24000,75,24.0,train,pretrain,
slakh/train_775.pt,slakh,Track01389,409.158820861678,32,30687,24000,75,24.0,train,pretrain,
slakh/train_776.pt,slakh,Track00683,281.5303401360544,32,21115,24000,75,24.0,train,pretrain,
slakh/train_777.pt,slakh,Track01188,239.64154195011338,32,17974,24000,75,24.0,train,pretrain,
slakh/train_778.pt,slakh,Track00394,236.5300680272109,32,17740,24000,75,24.0,train,pretrain,
slakh/train_779.pt,slakh,Track00370,256.15092970521545,32,19212,24000,75,24.0,train,pretrain,
slakh/train_780.pt,slakh,Track01460,221.68090702947845,32,16627,24000,75,24.0,train,pretrain,
slakh/train_781.pt,slakh,Track00827,274.5411337868481,32,20591,24000,75,24.0,train,pretrain,
slakh/train_782.pt,slakh,Track00915,235.67092970521543,32,17676,24000,75,24.0,val,pretrain,
slakh/train_783.pt,slakh,Track00024,282.50557823129253,32,21188,24000,75,24.0,train,pretrain,
slakh/train_784.pt,slakh,Track00781,312.87727891156464,32,23466,24000,75,24.0,train,pretrain,
slakh/train_785.pt,slakh,Track00789,234.2661224489796,32,17570,24000,75,24.0,train,pretrain,
slakh/train_786.pt,slakh,Track00552,216.83954648526077,32,16263,24000,75,24.0,train,pretrain,
slakh/train_787.pt,slakh,Track00191,227.52072562358276,32,17065,24000,75,24.0,train,pretrain,
slakh/train_788.pt,slakh,Track01411,253.30648526077098,32,18998,24000,75,24.0,val,pretrain,
slakh/train_789.pt,slakh,Track01290,165.0009977324263,32,12376,24000,75,24.0,train,pretrain,
slakh/train_790.pt,slakh,Track00465,258.9953741496599,32,19425,24000,75,24.0,train,pretrain,
slakh/train_791.pt,slakh,Track00724,323.5004081632653,32,24263,24000,75,24.0,val,pretrain,
slakh/train_792.pt,slakh,Track00153,223.66621315192745,32,16775,24000,75,24.0,train,pretrain,
slakh/train_793.pt,slakh,Track00268,253.92181405895693,32,19045,24000,75,24.0,train,pretrain,
slakh/train_794.pt,slakh,Track00224,217.00208616780046,32,16276,24000,75,24.0,train,pretrain,
slakh/train_795.pt,slakh,Track00106,155.2253968253968,32,11642,24000,75,24.0,train,pretrain,
slakh/train_796.pt,slakh,Track00353,201.14285714285714,32,15086,24000,75,24.0,train,pretrain,
slakh/train_797.pt,slakh,Track01062,446.9260770975057,32,33520,24000,75,24.0,train,pretrain,
slakh/train_798.pt,slakh,Track01215,280.7524716553288,32,21057,24000,75,24.0,train,pretrain,
slakh/train_799.pt,slakh,Track00999,296.5420408163265,32,22241,24000,75,24.0,train,pretrain,
skyrim/skyrim_000.pt,skyrim,From Past to Present,306.0133333333333,32,22951,24000,75,24.0,excluded,excluded,Exact duplicate of skyrim/skyrim_006.pt: From Past to Present
skyrim/skyrim_001.pt,skyrim,Jeremy Soule - The Elder Scrolls V Skyrim - The Original Game Soundtrack - 01 - Before the Storm,69.05333333333333,32,5179,24000,75,24.0,train,finetune,
skyrim/skyrim_002.pt,skyrim,Jeremy Soule - The Elder Scrolls V Skyrim - The Original Game Soundtrack - 01 - Dragonborn,237.64,32,17823,24000,75,24.0,train,finetune,
skyrim/skyrim_003.pt,skyrim,Jeremy Soule - The Elder Scrolls V Skyrim - The Original Game Soundtrack - 01 - Frostfall,208.34666666666666,32,15626,24000,75,24.0,train,finetune,
skyrim/skyrim_004.pt,skyrim,Jeremy Soule - The Elder Scrolls V Skyrim - The Original Game Soundtrack - 02 - A Chance Meeting,191.89333333333335,32,14392,24000,75,24.0,train,finetune,
skyrim/skyrim_005.pt,skyrim,Jeremy Soule - The Elder Scrolls V Skyrim - The Original Game Soundtrack - 02 - Awake,94.90666666666667,32,7118,24000,75,24.0,train,finetune,
skyrim/skyrim_006.pt,skyrim,Jeremy Soule - The Elder Scrolls V Skyrim - The Original Game Soundtrack - 03 - From Past to Present,306.0133333333333,32,22951,24000,75,24.0,train,finetune,
skyrim/skyrim_007.pt,skyrim,Jeremy Soule - The Elder Scrolls V Skyrim - The Original Game Soundtrack - 03 - Out of the Cold,184.34666666666666,32,13826,24000,75,24.0,train,finetune,
skyrim/skyrim_008.pt,skyrim,Jeremy Soule - The Elder Scrolls V Skyrim - The Original Game Soundtrack - 04 - Around the Fire,191.93333333333334,32,14395,24000,75,24.0,train,finetune,
skyrim/skyrim_009.pt,skyrim,Jeremy Soule - The Elder Scrolls V Skyrim - The Original Game Soundtrack - 04 - Kyne_s Peace,231.52,32,17364,24000,75,24.0,train,finetune,
skyrim/skyrim_010.pt,skyrim,Jeremy Soule - The Elder Scrolls V Skyrim - The Original Game Soundtrack - 04 - Unbroken Road,386.18666666666667,32,28964,24000,75,24.0,train,finetune,
skyrim/skyrim_011.pt,skyrim,Jeremy Soule - The Elder Scrolls V Skyrim - The Original Game Soundtrack - 05 - Ancient Stones,287.53333333333336,32,21565,24000,75,24.0,val,finetune,
skyrim/skyrim_012.pt,skyrim,Jeremy Soule - The Elder Scrolls V Skyrim - The Original Game Soundtrack - 06 - Far Horizons,333.48,32,25011,24000,75,24.0,val,finetune,
skyrim/skyrim_013.pt,skyrim,Jeremy Soule - The Elder Scrolls V Skyrim - The Original Game Soundtrack - 06 - The City Gates,228.06666666666666,32,17105,24000,75,24.0,train,finetune,
skyrim/skyrim_014.pt,skyrim,Jeremy Soule - The Elder Scrolls V Skyrim - The Original Game Soundtrack - 07 - A Winter_s Tale,201.86666666666667,32,15140,24000,75,24.0,train,finetune,
skyrim/skyrim_015.pt,skyrim,Jeremy Soule - The Elder Scrolls V Skyrim - The Original Game Soundtrack - 07 - Aurora,443.46666666666664,32,33260,24000,75,24.0,train,finetune,
skyrim/skyrim_016.pt,skyrim,Jeremy Soule - The Elder Scrolls V Skyrim - The Original Game Soundtrack - 07 - Silent Footsteps,173.22666666666666,32,12992,24000,75,24.0,train,finetune,
skyrim/skyrim_017.pt,skyrim,Jeremy Soule - The Elder Scrolls V Skyrim - The Original Game Soundtrack - 08 - Dragonsreach,142.94666666666666,32,10721,24000,75,24.0,train,finetune,
skyrim/skyrim_018.pt,skyrim,Jeremy Soule - The Elder Scrolls V Skyrim - The Original Game Soundtrack - 08 - The Bannered Mare,150.06666666666666,32,11255,24000,75,24.0,train,finetune,
skyrim/skyrim_019.pt,skyrim,Jeremy Soule - The Elder Scrolls V Skyrim - The Original Game Soundtrack - 09 - The Streets of Whiterun,246.85333333333332,32,18514,24000,75,24.0,train,finetune,
skyrim/skyrim_020.pt,skyrim,Jeremy Soule - The Elder Scrolls V Skyrim - The Original Game Soundtrack - 10 - One They Fear,196.13333333333333,32,14710,24000,75,24.0,train,finetune,
skyrim/skyrim_021.pt,skyrim,Jeremy Soule - The Elder Scrolls V Skyrim - The Original Game Soundtrack - 10 - Under an Ancient Sun,223.65333333333334,32,16774,24000,75,24.0,train,finetune,
skyrim/skyrim_022.pt,skyrim,Jeremy Soule - The Elder Scrolls V Skyrim - The Original Game Soundtrack - 11 - Solitude,132.24,32,9918,24000,75,24.0,train,finetune,
skyrim/skyrim_023.pt,skyrim,Jeremy Soule - The Elder Scrolls V Skyrim - The Original Game Soundtrack - 11 - The White River,211.10666666666665,32,15833,24000,75,24.0,train,finetune,
skyrim/skyrim_024.pt,skyrim,Jeremy Soule - The Elder Scrolls V Skyrim - The Original Game Soundtrack - 12 - Masser,366.4266666666667,32,27482,24000,75,24.0,train,finetune,
skyrim/skyrim_025.pt,skyrim,Jeremy Soule - The Elder Scrolls V Skyrim - The Original Game Soundtrack - 12 - Watch the Skies,142.73333333333332,32,10705,24000,75,24.0,train,finetune,
skyrim/skyrim_026.pt,skyrim,Jeremy Soule - The Elder Scrolls V Skyrim - The Original Game Soundtrack - 13 - Distant Horizons,234.88,32,17616,24000,75,24.0,train,finetune,
skyrim/skyrim_027.pt,skyrim,Jeremy Soule - The Elder Scrolls V Skyrim - The Original Game Soundtrack - 13 - Standing Stones,398.84,32,29913,24000,75,24.0,train,finetune,
skyrim/skyrim_028.pt,skyrim,Jeremy Soule - The Elder Scrolls V Skyrim - The Original Game Soundtrack - 13 - The Gathering Storm,175.25333333333333,32,13144,24000,75,24.0,train,finetune,
skyrim/skyrim_029.pt,skyrim,Jeremy Soule - The Elder Scrolls V Skyrim - The Original Game Soundtrack - 14 - Dawn,239.8,32,17985,24000,75,24.0,train,finetune,
skyrim/skyrim_030.pt,skyrim,Jeremy Soule - The Elder Scrolls V Skyrim - The Original Game Soundtrack - 14 - Sky Above Voice Within,238.86666666666667,32,17915,24000,75,24.0,val,finetune,
skyrim/skyrim_031.pt,skyrim,Jeremy Soule - The Elder Scrolls V Skyrim - The Original Game Soundtrack - 15 - The Jerall Mountains,201.85333333333332,32,15139,24000,75,24.0,train,finetune,
skyrim/skyrim_032.pt,skyrim,Jeremy Soule - The Elder Scrolls V Skyrim - The Original Game Soundtrack - 15 - Tundra,231.50666666666666,32,17363,24000,75,24.0,train,finetune,
skyrim/skyrim_033.pt,skyrim,Jeremy Soule - The Elder Scrolls V Skyrim - The Original Game Soundtrack - 16 - Journey_s End,249.90666666666667,32,18743,24000,75,24.0,val,finetune,
skyrim/skyrim_034.pt,skyrim,Jeremy Soule - The Elder Scrolls V Skyrim - The Original Game Soundtrack - 17 - Secunda,125.22666666666667,32,9392,24000,75,24.0,val,finetune,
skyrim/skyrim_035.pt,skyrim,Jeremy Soule - The Elder Scrolls V Skyrim - The Original Game Soundtrack - 18 - Imperial Throne,142.84,32,10713,24000,75,24.0,val,finetune,
skyrim/skyrim_036.pt,skyrim,Jeremy Soule - The Elder Scrolls V Skyrim - The Original Game Soundtrack - 18 - Wind Guide You,545.28,32,40896,24000,75,24.0,train,finetune,
skyrim/skyrim_037.pt,skyrim,Random Ambiance 1,191.37886621315192,32,14354,24000,75,24.0,train,finetune,
skyrim/skyrim_038.pt,skyrim,Random Ambiance 2,186.06931972789116,32,13956,24000,75,24.0,train,finetune,
witcher3/witcher3_000.pt,witcher3,01 The Trail,169.7843083900227,32,12734,24000,75,24.0,train,finetune,
witcher3/witcher3_001.pt,witcher3,02 Geralt of Rivia,141.9937641723356,32,10650,24000,75,24.0,train,finetune,
witcher3/witcher3_002.pt,witcher3,03 Eredin King of the Hunt,147.45521541950114,32,11060,24000,75,24.0,train,finetune,
witcher3/witcher3_003.pt,witcher3,04 Wake Up Ciri,94.2,32,7065,24000,75,24.0,train,finetune,
witcher3/witcher3_004.pt,witcher3,05 Aen Seidhe,156.00312925170067,32,11701,24000,75,24.0,train,finetune,
witcher3/witcher3_005.pt,witcher3,06 Commanding the Fury,128.34133786848074,32,9626,24000,75,24.0,val,finetune,
witcher3/witcher3_006.pt,witcher3,07 Emhyr var Emreis,149.50401360544217,32,11213,24000,75,24.0,train,finetune,
witcher3/witcher3_007.pt,witcher3,08 Spikeroog,185.6992970521542,32,13928,24000,75,24.0,train,finetune,
witcher3/witcher3_008.pt,witcher3,09 King Bran Final Voyage,132.436462585034,32,9933,24000,75,24.0,train,finetune,
witcher3/witcher3_009.pt,witcher3,10 Silver for Monsters...,139.94585034013605,32,10496,24000,75,24.0,val,finetune,
witcher3/witcher3_010.pt,witcher3,11 Whispers of Oxenfurt,154.66666666666666,32,11600,24000,75,24.0,train,finetune,
witcher3/witcher3_011.pt,witcher3,12 The Nightingale,99.56716553287981,32,7468,24000,75,24.0,train,finetune,
witcher3/witcher3_012.pt,witcher3,13 City of Intrigues,126.42396825396825,32,9482,24000,75,24.0,val,finetune,
witcher3/witcher3_013.pt,witcher3,14 The Hunter Path,172.03126984126985,32,12903,24000,75,24.0,train,finetune,
witcher3/witcher3_014.pt,witcher3,15 Widow-maker,130.38934240362812,32,9780,24000,75,24.0,train,finetune,
witcher3/witcher3_015.pt,witcher3,16 Kaer Morhen,155.1092970521542,32,11634,24000,75,24.0,train,finetune,
witcher3/witcher3_016.pt,witcher3,17 Eyes of the Wolf,124.18750566893424,32,9315,24000,75,24.0,train,finetune,
witcher3/witcher3_017.pt,witcher3,18 Witch Hunters,160.42666666666668,32,12032,24000,75,24.0,train,finetune,
witcher3/witcher3_018.pt,witcher3,19 ...Steel for Humans,87.38126984126984,32,6554,24000,75,24.0,train,finetune,
witcher3/witcher3_019.pt,witcher3,20 Fate Calls,118.05,32,8854,24000,75,24.0,train,finetune,
witcher3/witcher3_020.pt,witcher3,21 The Vagabond,167.9354195011338,32,12596,24000,75,24.0,val,finetune,
witcher3/witcher3_021.pt,witcher3,22 Cloak and Dagger,166.15312925170068,32,12462,24000,75,24.0,train,finetune,
witcher3/witcher3_022.pt,witcher3,23 Forged in Fire,123.78698412698412,32,9285,24000,75,24.0,val,finetune,
witcher3/witcher3_023.pt,witcher3,24 Yes I Do...,93.52943310657596,32,7015,24000,75,24.0,train,finetune,
witcher3/witcher3_024.pt,witcher3,25 Welcome Imlerith,165.2448752834467,32,12394,24000,75,24.0,train,finetune,
witcher3/witcher3_025.pt,witcher3,26 Drink Up Theres More,96.42814058956917,32,7233,24000,75,24.0,train,finetune,
witcher3/witcher3_026.pt,witcher3,27 After the Storm,90.98360544217687,32,6824,24000,75,24.0,train,finetune,
witcher3/witcher3_027.pt,witcher3,28 Blood on the Cobblestones,122.19689342403628,32,9165,24000,75,24.0,train,finetune,
witcher3/witcher3_028.pt,witcher3,29 Farewell Old Friend,172.756462585034,32,12957,24000,75,24.0,train,finetune,
witcher3/witcher3_029.pt,witcher3,30 The Song of the SwordDancer,132.41666666666666,32,9932,24000,75,24.0,train,finetune,
witcher3/witcher3_030.pt,witcher3,31 The Hunt is Coming,125.57140589569161,32,9418,24000,75,24.0,train,finetune,
witcher3/witcher3_031.pt,witcher3,32 The Fields of Ard Skellig,189.28907029478458,32,14197,24000,75,24.0,val,finetune,
witcher3/witcher3_032.pt,witcher3,33 Ladies of the Woods,111.0,32,8325,24000,75,24.0,train,finetune,
witcher3/witcher3_033.pt,witcher3,34 Merchants of Novigrad,189.52605442176872,32,14215,24000,75,24.0,train,finetune,
witcher3/witcher3_034.pt,witcher3,35 Hunt or Be Hunted,145.17814058956915,32,10889,24000,75,24.0,train,finetune,
slakh/test_000.pt,slakh,Track01982,166.97469387755103,32,12524,24000,75,24.0,test,pretrain,
slakh/test_001.pt,slakh,Track01950,237.35437641723357,32,17802,24000,75,24.0,test,pretrain,
slakh/test_002.pt,slakh,Track01931,232.42013605442176,32,17432,24000,75,24.0,test,pretrain,
slakh/test_003.pt,slakh,Track02086,295.636462585034,32,22173,24000,75,24.0,test,pretrain,
slakh/test_004.pt,slakh,Track01911,172.05986394557823,32,12905,24000,75,24.0,test,pretrain,
slakh/test_005.pt,slakh,Track02004,214.7613605442177,32,16108,24000,75,24.0,test,pretrain,
slakh/test_006.pt,slakh,Track02040,236.78548752834467,32,17759,24000,75,24.0,test,pretrain,
slakh/test_007.pt,slakh,Track02098,78.61115646258503,32,5896,24000,75,24.0,test,pretrain,
slakh/test_008.pt,slakh,Track01898,289.3902947845805,32,21705,24000,75,24.0,test,pretrain,
slakh/test_009.pt,slakh,Track02003,292.281179138322,32,21922,24000,75,24.0,test,pretrain,
slakh/test_010.pt,slakh,Track02094,288.0203174603175,32,21602,24000,75,24.0,test,pretrain,
slakh/test_011.pt,slakh,Track02053,296.00798185941045,32,22201,24000,75,24.0,test,pretrain,
slakh/test_012.pt,slakh,Track02030,355.2536961451247,32,26645,24000,75,24.0,test,pretrain,
slakh/test_013.pt,slakh,Track02056,240.9186394557823,32,18069,24000,75,24.0,test,pretrain,
slakh/test_014.pt,slakh,Track01956,219.10349206349207,32,16433,24000,75,24.0,test,pretrain,
slakh/test_015.pt,slakh,Track01897,303.13650793650794,32,22736,24000,75,24.0,test,pretrain,
slakh/test_016.pt,slakh,Track02048,296.4956009070295,32,22238,24000,75,24.0,test,pretrain,
slakh/test_017.pt,slakh,Track01962,256.6037188208617,32,19246,24000,75,24.0,test,pretrain,
slakh/test_018.pt,slakh,Track02001,389.9907482993197,32,29250,24000,75,24.0,test,pretrain,
slakh/test_019.pt,slakh,Track01902,274.16961451247164,32,20563,24000,75,24.0,test,pretrain,
slakh/test_020.pt,slakh,Track01887,419.1550113378685,32,31437,24000,75,24.0,test,pretrain,
slakh/test_021.pt,slakh,Track01985,263.76707482993197,32,19783,24000,75,24.0,test,pretrain,
slakh/test_022.pt,slakh,Track01975,263.4419954648526,32,19759,24000,75,24.0,test,pretrain,
slakh/test_023.pt,slakh,Track02052,229.66857142857143,32,17226,24000,75,24.0,test,pretrain,
slakh/test_024.pt,slakh,Track02037,326.90213151927435,32,24518,24000,75,24.0,test,pretrain,
slakh/test_025.pt,slakh,Track02017,216.9904761904762,32,16275,24000,75,24.0,test,pretrain,
slakh/test_026.pt,slakh,Track01943,274.33215419501136,32,20575,24000,75,24.0,test,pretrain,
slakh/test_027.pt,slakh,Track01913,355.2536961451247,32,26645,24000,75,24.0,test,pretrain,
slakh/test_028.pt,slakh,Track02051,250.58975056689343,32,18795,24000,75,24.0,test,pretrain,
slakh/test_029.pt,slakh,Track01882,286.278820861678,32,21471,24000,75,24.0,test,pretrain,
slakh/test_030.pt,slakh,Track02093,232.9193650793651,32,17469,24000,75,24.0,test,pretrain,
slakh/test_031.pt,slakh,Track02019,295.50875283446715,32,22164,24000,75,24.0,test,pretrain,
slakh/test_032.pt,slakh,Track02096,176.43682539682538,32,13233,24000,75,24.0,test,pretrain,
slakh/test_033.pt,slakh,Track01972,325.71791383219954,32,24429,24000,75,24.0,test,pretrain,
slakh/test_034.pt,slakh,Track02013,435.5482993197279,32,32667,24000,75,24.0,test,pretrain,
slakh/test_035.pt,slakh,Track02026,166.0691156462585,32,12456,24000,75,24.0,test,pretrain,
slakh/test_036.pt,slakh,Track01996,295.1372335600907,32,22136,24000,75,24.0,test,pretrain,
slakh/test_037.pt,slakh,Track01940,214.7613605442177,32,16108,24000,75,24.0,test,pretrain,
slakh/test_038.pt,slakh,Track02031,301.00027210884355,32,22576,24000,75,24.0,test,pretrain,
slakh/test_039.pt,slakh,Track01959,265.6014512471655,32,19921,24000,75,24.0,test,pretrain,
slakh/test_040.pt,slakh,Track01955,281.7160997732426,32,21129,24000,75,24.0,test,pretrain,
slakh/test_041.pt,slakh,Track01986,281.32136054421767,32,21100,24000,75,24.0,test,pretrain,
slakh/test_042.pt,slakh,Track02024,246.35210884353742,32,18477,24000,75,24.0,test,pretrain,
slakh/test_043.pt,slakh,Track01936,272.31201814058954,32,20424,24000,75,24.0,test,pretrain,
slakh/test_044.pt,slakh,Track02081,275.79501133786846,32,20685,24000,75,24.0,test,pretrain,
slakh/test_045.pt,slakh,Track01998,236.41396825396825,32,17732,24000,75,24.0,test,pretrain,
slakh/test_046.pt,slakh,Track02054,328.5275283446712,32,24640,24000,75,24.0,test,pretrain,
slakh/test_047.pt,slakh,Track01937,201.36344671201815,32,15103,24000,75,24.0,test,pretrain,
slakh/test_048.pt,slakh,Track02050,241.02312925170068,32,18077,24000,75,24.0,test,pretrain,
slakh/test_049.pt,slakh,Track01928,208.86349206349206,32,15665,24000,75,24.0,test,pretrain,
slakh/test_050.pt,slakh,Track02047,367.3280725623583,32,27550,24000,75,24.0,test,pretrain,
slakh/test_051.pt,slakh,Track01980,407.173514739229,32,30539,24000,75,24.0,test,pretrain,
slakh/test_052.pt,slakh,Track02049,195.90675736961452,32,14694,24000,75,24.0,test,pretrain,
slakh/test_053.pt,slakh,Track02002,281.11238095238093,32,21084,24000,75,24.0,test,pretrain,
slakh/test_054.pt,slakh,Track01967,252.1919274376417,32,18915,24000,75,24.0,test,pretrain,
slakh/test_055.pt,slakh,Track02090,219.10349206349207,32,16433,24000,75,24.0,test,pretrain,
slakh/test_056.pt,slakh,Track01916,256.1857596371882,32,19214,24000,75,24.0,test,pretrain,
slakh/test_057.pt,slakh,Track01932,249.84671201814058,32,18739,24000,75,24.0,test,pretrain,
slakh/test_058.pt,slakh,Track01895,125.41097505668934,32,9406,24000,75,24.0,test,pretrain,
slakh/test_059.pt,slakh,Track01987,291.0505215419501,32,21829,24000,75,24.0,test,pretrain,
slakh/test_060.pt,slakh,Track02018,283.28344671201813,32,21247,24000,75,24.0,test,pretrain,
slakh/test_061.pt,slakh,Track01889,280.99628117913835,32,21075,24000,75,24.0,test,pretrain,
slakh/test_062.pt,slakh,Track02038,296.2169614512472,32,22217,24000,75,24.0,test,pretrain,
slakh/test_063.pt,slakh,Track02084,293.6859863945578,32,22027,24000,75,24.0,test,pretrain,
slakh/test_064.pt,slakh,Track01891,269.6997732426304,32,20228,24000,75,24.0,test,pretrain,
slakh/test_065.pt,slakh,Track01973,267.4009977324263,32,20056,24000,75,24.0,test,pretrain,
slakh/test_066.pt,slakh,Track01948,257.0913378684807,32,19282,24000,75,24.0,test,pretrain,
slakh/test_067.pt,slakh,Track02069,250.70585034013607,32,18803,24000,75,24.0,test,pretrain,
slakh/test_068.pt,slakh,Track02032,268.1904761904762,32,20115,24000,75,24.0,test,pretrain,
slakh/test_069.pt,slakh,Track02008,184.0413605442177,32,13804,24000,75,24.0,test,pretrain,
slakh/test_070.pt,slakh,Track01976,262.8150566893424,32,19712,24000,75,24.0,test,pretrain,
slakh/test_071.pt,slakh,Track01961,347.8581405895692,32,26090,24000,75,24.0,test,pretrain,
slakh/test_072.pt,slakh,Track02016,253.26004535147393,32,18995,24000,75,24.0,test,pretrain,
slakh/test_073.pt,slakh,Track02083,160.86784580498866,32,12066,24000,75,24.0,test,pretrain,
slakh/test_074.pt,slakh,Track02082,184.09941043083901,32,13808,24000,75,24.0,test,pretrain,
slakh/test_075.pt,slakh,Track01900,257.7298866213152,32,19330,24000,75,24.0,test,pretrain,
slakh/test_076.pt,slakh,Track02029,268.887074829932,32,20167,24000,75,24.0,test,pretrain,
slakh/test_077.pt,slakh,Track02063,365.3195464852608,32,27399,24000,75,24.0,test,pretrain,
slakh/test_078.pt,slakh,Track01920,267.2036281179138,32,20041,24000,75,24.0,test,pretrain,
slakh/test_079.pt,slakh,Track01965,230.38839002267574,32,17280,24000,75,24.0,test,pretrain,
slakh/test_080.pt,slakh,Track01925,166.77732426303854,32,12509,24000,75,24.0,test,pretrain,
slakh/test_081.pt,slakh,Track01880,246.50303854875284,32,18488,24000,75,24.0,test,pretrain,
slakh/test_082.pt,slakh,Track02046,251.13541950113378,32,18836,24000,75,24.0,test,pretrain,
slakh/test_083.pt,slakh,Track02036,243.8443537414966,32,18289,24000,75,24.0,test,pretrain,
slakh/test_084.pt,slakh,Track02095,275.8530612244898,32,20689,24000,75,24.0,test,pretrain,
slakh/test_085.pt,slakh,Track01930,333.9842176870748,32,25049,24000,75,24.0,test,pretrain,
slakh/test_086.pt,slakh,Track01935,206.0538775510204,32,15455,24000,75,24.0,test,pretrain,
slakh/test_087.pt,slakh,Track01949,247.82657596371882,32,18587,24000,75,24.0,test,pretrain,
slakh/test_088.pt,slakh,Track01907,246.68879818594104,32,18502,24000,75,24.0,test,pretrain,
slakh/test_089.pt,slakh,Track01878,291.35238095238094,32,21852,24000,75,24.0,test,pretrain,
slakh/test_090.pt,slakh,Track01993,340.13750566893424,32,25511,24000,75,24.0,test,pretrain,
slakh/test_091.pt,slakh,Track01899,168.47238095238095,32,12636,24000,75,24.0,test,pretrain,
slakh/test_092.pt,slakh,Track01947,384.01160997732427,32,28801,24000,75,24.0,test,pretrain,
slakh/test_093.pt,slakh,Track01884,340.13750566893424,32,25511,24000,75,24.0,test,pretrain,
slakh/test_094.pt,slakh,Track01981,268.887074829932,32,20167,24000,75,24.0,test,pretrain,
slakh/test_095.pt,slakh,Track01876,258.9837641723356,32,19424,24000,75,24.0,test,pretrain,
slakh/test_096.pt,slakh,Track01883,225.79083900226757,32,16935,24000,75,24.0,test,pretrain,
slakh/test_097.pt,slakh,Track01951,215.94557823129253,32,16196,24000,75,24.0,test,pretrain,
slakh/test_098.pt,slakh,Track02092,212.79927437641723,32,15960,24000,75,24.0,test,pretrain,
slakh/test_099.pt,slakh,Track01997,213.6235827664399,32,16022,24000,75,24.0,test,pretrain,
slakh/test_100.pt,slakh,Track01957,448.30766439909297,32,33624,24000,75,24.0,test,pretrain,
slakh/test_101.pt,slakh,Track01906,261.00390022675737,32,19576,24000,75,24.0,test,pretrain,
slakh/test_102.pt,slakh,Track01918,209.2930612244898,32,15697,24000,75,24.0,test,pretrain,
slakh/test_103.pt,slakh,Track01929,244.92408163265307,32,18370,24000,75,24.0,test,pretrain,
slakh/test_104.pt,slakh,Track01877,250.7871201814059,32,18810,24000,75,24.0,test,pretrain,
slakh/test_105.pt,slakh,Track01901,250.61297052154194,32,18796,24000,75,24.0,test,pretrain,
slakh/test_106.pt,slakh,Track01903,243.67020408163265,32,18276,24000,75,24.0,test,pretrain,
slakh/test_107.pt,slakh,Track01995,246.41015873015874,32,18481,24000,75,24.0,test,pretrain,
slakh/test_108.pt,slakh,Track02007,281.00789115646256,32,21076,24000,75,24.0,test,pretrain,
slakh/test_109.pt,slakh,Track01934,251.95972789115646,32,18897,24000,75,24.0,test,pretrain,
slakh/test_110.pt,slakh,Track01905,254.57197278911565,32,19093,24000,75,24.0,test,pretrain,
slakh/test_111.pt,slakh,Track02042,243.86757369614512,32,18291,24000,75,24.0,test,pretrain,
slakh/test_112.pt,slakh,Track01952,208.86349206349206,32,15665,24000,75,24.0,test,pretrain,
slakh/test_113.pt,slakh,Track01908,169.66820861678005,32,12726,24000,75,24.0,test,pretrain,
slakh/test_114.pt,slakh,Track01968,281.9715192743764,32,21148,24000,75,24.0,test,pretrain,
slakh/test_115.pt,slakh,Track02088,228.94875283446711,32,17172,24000,75,24.0,test,pretrain,
slakh/test_116.pt,slakh,Track01917,283.85233560090705,32,21289,24000,75,24.0,test,pretrain,
slakh/test_117.pt,slakh,Track01978,303.18294784580496,32,22739,24000,75,24.0,test,pretrain,
slakh/test_118.pt,slakh,Track01977,234.09197278911566,32,17557,24000,75,24.0,test,pretrain,
slakh/test_119.pt,slakh,Track01881,386.1246258503401,32,28960,24000,75,24.0,test,pretrain,
slakh/test_120.pt,slakh,Track01990,429.197641723356,32,32190,24000,75,24.0,test,pretrain,
slakh/test_121.pt,slakh,Track01892,180.01269841269843,32,13501,24000,75,24.0,test,pretrain,
slakh/test_122.pt,slakh,Track02062,215.0051700680272,32,16126,24000,75,24.0,test,pretrain,
slakh/test_123.pt,slakh,Track02087,238.82884353741497,32,17913,24000,75,24.0,test,pretrain,
slakh/test_124.pt,slakh,Track01989,302.76498866213154,32,22708,24000,75,24.0,test,pretrain,
slakh/test_125.pt,slakh,Track01927,205.51981859410432,32,15414,24000,75,24.0,test,pretrain,
slakh/test_126.pt,slakh,Track02005,206.6227664399093,32,15497,24000,75,24.0,test,pretrain,
slakh/test_127.pt,slakh,Track02000,193.4338321995465,32,14508,24000,75,24.0,test,pretrain,
slakh/test_128.pt,slakh,Track02064,248.70893424036282,32,18654,24000,75,24.0,test,pretrain,
slakh/test_129.pt,slakh,Track01974,226.4409977324263,32,16984,24000,75,24.0,test,pretrain,
slakh/test_130.pt,slakh,Track02014,263.00081632653064,32,19726,24000,75,24.0,test,pretrain,
slakh/test_131.pt,slakh,Track01954,268.887074829932,32,20167,24000,75,24.0,test,pretrain,
slakh/test_132.pt,slakh,Track02023,255.80263038548753,32,19186,24000,75,24.0,test,pretrain,
slakh/test_133.pt,slakh,Track01904,293.9530158730159,32,22047,24000,75,24.0,test,pretrain,
slakh/test_134.pt,slakh,Track02045,271.25551020408165,32,20345,24000,75,24.0,test,pretrain,
slakh/test_135.pt,slakh,Track01886,268.887074829932,32,20167,24000,75,24.0,test,pretrain,
slakh/test_136.pt,slakh,Track02074,299.5258049886621,32,22465,24000,75,24.0,test,pretrain,
slakh/test_137.pt,slakh,Track02020,283.19056689342403,32,21240,24000,75,24.0,test,pretrain,
slakh/test_138.pt,slakh,Track02079,177.48172335600907,32,13312,24000,75,24.0,test,pretrain,
slakh/test_139.pt,slakh,Track01945,203.3835827664399,32,15254,24000,75,24.0,test,pretrain,
slakh/test_140.pt,slakh,Track02061,318.9144671201814,32,23919,24000,75,24.0,test,pretrain,
slakh/test_141.pt,slakh,Track01888,311.51891156462585,32,23364,24000,75,24.0,test,pretrain,
slakh/test_142.pt,slakh,Track01994,208.30621315192744,32,15623,24000,75,24.0,test,pretrain,
slakh/test_143.pt,slakh,Track01896,283.1557369614512,32,21237,24000,75,24.0,test,pretrain,
slakh/test_144.pt,slakh,Track02067,218.6855328798186,32,16402,24000,75,24.0,test,pretrain,
slakh/test_145.pt,slakh,Track01963,236.98285714285714,32,17774,24000,75,24.0,test,pretrain,
slakh/test_146.pt,slakh,Track02070,259.56426303854875,32,19468,24000,75,24.0,test,pretrain,
slakh/test_147.pt,slakh,Track01960,253.6431746031746,32,19024,24000,75,24.0,test,pretrain,
slakh/test_148.pt,slakh,Track02010,380.3312471655329,32,28525,24000,75,24.0,test,pretrain,
slakh/test_149.pt,slakh,Track02044,196.46403628117915,32,14735,24000,75,24.0,test,pretrain,
slakh/test_150.pt,slakh,Track01893,224.81560090702948,32,16862,24000,75,24.0,test,pretrain,
